timestamp,open,high,low,close,volume
2024-01-01 00:00:00+00:00,100.0,101.10983884302706,100.0,100.88083171927353,2407.247800890443
2024-01-01 01:00:00+00:00,100.88083171927353,101.07769396197266,100.60732157627986,101.04735237104515,1440.5060939012087
2024-01-01 02:00:00+00:00,101.04735237104515,101.25141115880754,100.72407978624783,100.72407978624783,1755.911352948958
2024-01-01 03:00:00+00:00,100.72407978624783,100.72407978624783,99.89563483149493,100.58950576017007,4472.477178810313
2024-01-01 04:00:00+00:00,100.58950576017007,101.57341623811747,100.58950576017007,101.46298263754628,3002.0608283870633
2024-01-01 05:00:00+00:00,101.46298263754628,101.95602330981578,101.2660937917557,101.7475619733462,5077.543525138261
2024-01-01 06:00:00+00:00,101.7475619733462,101.7475619733462,100.97026732065204,101.6727353771885,1918.0669784411168
2024-01-01 07:00:00+00:00,101.6727353771885,102.40990634517583,101.62079649224634,102.40990634517583,2315.5339832690292
2024-01-01 08:00:00+00:00,102.40990634517583,102.72039967267878,101.78287260442715,101.78287260442715,2121.9636473202727
2024-01-01 09:00:00+00:00,101.78287260442715,102.36002862141939,101.62038967952937,101.63860957567132,1995.6446494173833
2024-01-01 10:00:00+00:00,101.63860957567132,101.7454016303481,100.75868660712204,100.75868660712204,2951.4708841313827
2024-01-01 11:00:00+00:00,100.75868660712204,100.75868660712204,99.676100916594,99.88350175057234,3224.874704542519
2024-01-01 12:00:00+00:00,99.88350175057234,99.88350175057234,98.93062959040803,99.23258867418194,1654.0708399652333
2024-01-01 13:00:00+00:00,99.23258867418194,99.78899767566352,99.23258867418194,99.70802485419743,4188.588191462127
2024-01-01 14:00:00+00:00,99.70802485419743,99.70802485419743,99.04830498682857,99.49221389288539,4211.485781315927
2024-01-01 15:00:00+00:00,99.49221389288539,99.77349103797303,99.17451686554118,99.41060459695585,4016.4185583758126
2024-01-01 16:00:00+00:00,99.41060459695585,100.49164242047121,99.39862997461651,100.44401529076157,4175.6329569057125
2024-01-01 17:00:00+00:00,100.44401529076157,100.50848507779504,99.19971325917373,99.75458200688499,2362.749917009716
2024-01-01 18:00:00+00:00,99.75458200688499,100.2180868875491,99.67311166224242,100.2180868875491,3463.9769154785495
2024-01-01 19:00:00+00:00,100.2180868875491,100.24489813582097,99.20004785531695,99.20004785531695,4519.771566233343
2024-01-01 20:00:00+00:00,99.20004785531695,99.47417969012434,99.07516703390905,99.2816316637212,2146.4870518140624
2024-01-01 21:00:00+00:00,99.2816316637212,100.29468570006853,99.2816316637212,99.75399498575354,2811.3962998390484
2024-01-01 22:00:00+00:00,99.75399498575354,100.03856724135144,99.2757053655491,99.2757053655491,9347.514955657127
2024-01-01 23:00:00+00:00,99.2757053655491,99.93098123020722,99.2757053655491,99.93098123020722,2134.6040354968636
2024-01-02 00:00:00+00:00,99.93098123020722,101.0927388025792,99.93098123020722,100.95054815271082,2223.024038012797
2024-01-02 01:00:00+00:00,100.95054815271082,101.10667676421227,100.45192979917645,101.10667676421227,7216.6876626909425
2024-01-02 02:00:00+00:00,101.10667676421227,101.10667676421227,100.206834416312,100.29490484433005,1781.243789469834
2024-01-02 03:00:00+00:00,100.29490484433005,100.29490484433005,99.65241730100055,99.65241730100055,6384.0699941736775
2024-01-02 04:00:00+00:00,99.65241730100055,99.99419652391339,99.29164002943007,99.49096013886918,2450.3189181496537
2024-01-02 05:00:00+00:00,99.49096013886918,99.5356104080463,99.07906370771197,99.20302204855287,3388.2335086307385
2024-01-02 06:00:00+00:00,99.20302204855287,99.20302204855287,98.07309832903579,98.57314831300353,4124.796421583005
2024-01-02 07:00:00+00:00,98.57314831300353,98.57314831300353,97.50181566918585,97.50181566918585,3083.0719538533745
2024-01-02 08:00:00+00:00,97.50181566918585,97.50181566918585,95.7855045328128,95.7855045328128,4327.0665961887535
2024-01-02 09:00:00+00:00,95.7855045328128,96.57241631547588,95.7855045328128,95.86757209380362,7485.131670949623
2024-01-02 10:00:00+00:00,95.86757209380362,96.31369652948668,95.86757209380362,96.08175091034357,3937.860143942544
2024-01-02 11:00:00+00:00,96.08175091034357,96.4024344944001,95.98297724835686,96.34544076770744,7842.963935317713
2024-01-02 12:00:00+00:00,96.34544076770744,96.34544076770744,95.49703534001505,95.53524782510384,3734.6439372980626
2024-01-02 13:00:00+00:00,95.53524782510384,95.53524782510384,94.84025118579522,94.84025118579522,2302.238045132816
2024-01-02 14:00:00+00:00,94.84025118579522,95.12501144745777,94.55954320455324,94.60740899561469,7010.938160220891
2024-01-02 15:00:00+00:00,94.60740899561469,94.91460853530742,94.60740899561469,94.77208788338028,5809.02428657812
2024-01-02 16:00:00+00:00,94.77208788338028,95.44801042267964,94.55536980832238,95.44801042267964,3432.3034016088895
2024-01-02 17:00:00+00:00,95.44801042267964,96.07794626260893,95.44801042267964,95.85515414851616,1569.6797256869486
2024-01-02 18:00:00+00:00,95.85515414851616,96.09885111551795,95.85515414851616,95.89729852003993,1740.0505175289434
2024-01-02 19:00:00+00:00,95.89729852003993,95.94157190476102,95.33675280560684,95.70596720082652,2472.925450255444
2024-01-02 20:00:00+00:00,95.70596720082652,95.72485904356196,95.47056671416772,95.72485904356196,1938.0569790630257
2024-01-02 21:00:00+00:00,95.72485904356196,96.2589205749624,95.50307919317233,95.66673130690998,6836.600438932473
2024-01-02 22:00:00+00:00,95.66673130690998,96.05340212015537,95.66673130690998,96.02741593422807,2416.76765321402
2024-01-02 23:00:00+00:00,96.02741593422807,96.12437288596131,95.62710769304638,95.96614433610286,5071.083057703486
2024-01-03 00:00:00+00:00,95.96614433610286,96.19441683639134,95.55676436384033,96.19441683639134,3317.2178737251647
2024-01-03 01:00:00+00:00,96.19441683639134,96.30658871431754,94.887030192648,94.887030192648,3048.0364558699207
2024-01-03 02:00:00+00:00,94.887030192648,95.53013177319983,94.88177023837481,94.88177023837481,1440.7627399827795
2024-01-03 03:00:00+00:00,94.88177023837481,95.50119672084416,94.88177023837481,95.0487729199366,2236.8421380849754
2024-01-03 04:00:00+00:00,95.0487729199366,95.94842672263687,95.0487729199366,95.63015846236097,3379.3536651725913
2024-01-03 05:00:00+00:00,95.63015846236097,96.4085511425683,95.63015846236097,96.07649183598066,4107.254240051996
2024-01-03 06:00:00+00:00,96.07649183598066,96.09804338021053,95.62187675689856,96.09804338021053,5110.815152248662
2024-01-03 07:00:00+00:00,96.09804338021053,96.10559288431101,95.47715961648858,95.61205079067186,3256.6568977559027
2024-01-03 08:00:00+00:00,95.61205079067186,95.61205079067186,94.65920388944073,94.65920388944073,1610.7426132161966
2024-01-03 09:00:00+00:00,94.65920388944073,95.33649223916501,94.40383741608927,95.33649223916501,1073.4300333889082
2024-01-03 10:00:00+00:00,95.33649223916501,95.82539277977904,95.33649223916501,95.71219624416909,8070.387215067418
2024-01-03 11:00:00+00:00,95.71219624416909,96.01026880339904,95.28325974638896,95.28325974638896,2928.892806842559
2024-01-03 12:00:00+00:00,95.28325974638896,95.47990173889626,94.83539626683405,95.47990173889626,3681.692051306638
2024-01-03 13:00:00+00:00,95.47990173889626,95.81191540770865,95.21503914421343,95.21503914421343,5065.674914337612
2024-01-03 14:00:00+00:00,95.21503914421343,95.64224336493248,95.1854734926625,95.61916594858438,2439.5791245649866
2024-01-03 15:00:00+00:00,95.61916594858438,95.6710310059226,95.44063498014633,95.53156322813398,2721.5274677598804
2024-01-03 16:00:00+00:00,95.53156322813398,95.70573732557625,94.07500131766895,94.07500131766895,1676.492683771026
2024-01-03 17:00:00+00:00,94.07500131766895,94.37637760783663,93.97015757168913,94.04723799108773,4123.2765870639405
2024-01-03 18:00:00+00:00,94.04723799108773,95.13170542624421,94.04723799108773,94.86746541857087,2217.6478973090066
2024-01-03 19:00:00+00:00,94.86746541857087,95.01680020640177,94.4301799266905,94.77284341678674,4265.4185571384
2024-01-03 20:00:00+00:00,94.77284341678674,94.77284341678674,94.23993234976628,94.49375435935626,5404.396359370731
2024-01-03 21:00:00+00:00,94.49375435935626,94.73548987602649,94.31059494864436,94.36966489346284,6505.181201200511
2024-01-03 22:00:00+00:00,94.36966489346284,94.49578052992577,93.9808951556865,94.43392495661918,2485.253117113513
2024-01-03 23:00:00+00:00,94.43392495661918,94.92172100544065,94.43392495661918,94.83157933681524,7448.858239044815
2024-01-04 00:00:00+00:00,94.83157933681524,95.28871486175511,94.54423496108869,95.01376230516911,1576.5904628534054
2024-01-04 01:00:00+00:00,95.01376230516911,95.1911145103659,94.5757136025912,95.1911145103659,4277.486629306349
2024-01-04 02:00:00+00:00,95.1911145103659,95.8689067399271,95.1911145103659,95.67737886992677,3829.111187794768
2024-01-04 03:00:00+00:00,95.67737886992677,95.67737886992677,95.47495323549698,95.4786836483254,2655.0700979563803
2024-01-04 04:00:00+00:00,95.4786836483254,95.4786836483254,94.38343704692082,94.38343704692082,3374.682000954947
2024-01-04 05:00:00+00:00,94.38343704692082,94.44584268885258,93.97835375117907,94.08591233132637,2600.1298821996493
2024-01-04 06:00:00+00:00,94.08591233132637,94.36584411042088,92.94110149123505,92.94110149123505,1641.2462465917788
2024-01-04 07:00:00+00:00,92.94110149123505,93.36148203805425,92.55553911709339,92.82308512550479,1047.4858086221232
2024-01-04 08:00:00+00:00,92.82308512550479,92.82308512550479,91.36762140729192,92.012545911784,1626.6984208768404
2024-01-04 09:00:00+00:00,92.012545911784,92.83681696228643,92.012545911784,92.76944621296293,3157.4088617192847
2024-01-04 10:00:00+00:00,92.76944621296293,93.50987191336192,92.69806213671059,93.07605138893446,2379.9708501993114
2024-01-04 11:00:00+00:00,93.07605138893446,94.01549200211362,93.07605138893446,93.8236805057572,5067.3728547679475
2024-01-04 12:00:00+00:00,93.8236805057572,93.8236805057572,93.22642953436079,93.39461225426759,3339.6619515252582
2024-01-04 13:00:00+00:00,93.39461225426759,94.51040303453378,93.24754240256242,94.51040303453378,4808.717565891877
2024-01-04 14:00:00+00:00,94.51040303453378,94.58250444203853,93.35964622228519,93.35964622228519,2714.436708311204
2024-01-04 15:00:00+00:00,93.35964622228519,93.42607226961373,92.94506794566159,92.94506794566159,2300.6727801825164
2024-01-04 16:00:00+00:00,92.94506794566159,93.34217853311866,92.94506794566159,93.25415958778531,3241.877693855832
2024-01-04 17:00:00+00:00,93.25415958778531,93.25415958778531,92.41385332027308,92.78505402224258,1671.9482154772313
2024-01-04 18:00:00+00:00,92.78505402224258,93.38357791406142,92.78505402224258,93.09014647515204,2595.6694867131937
2024-01-04 19:00:00+00:00,93.09014647515204,94.07348461957143,93.09014647515204,94.07348461957143,4154.68203712584
2024-01-04 20:00:00+00:00,94.07348461957143,94.35160262082387,93.86993670381155,94.33150036173726,4877.639613362339
2024-01-04 21:00:00+00:00,94.33150036173726,94.62855542800355,94.10355583088163,94.11690978135645,2115.643669781073
2024-01-04 22:00:00+00:00,94.11690978135645,94.19060034540968,93.38928499450081,93.56157694618146,3530.4893935609916
2024-01-04 23:00:00+00:00,93.56157694618146,93.74764534573733,93.2381370112332,93.28425391782109,2589.5517844726664
2024-01-05 00:00:00+00:00,93.28425391782109,93.6617796512828,93.230732126365,93.6617796512828,2768.4459454790162
2024-01-05 01:00:00+00:00,93.6617796512828,94.34310619092395,93.6617796512828,94.34310619092395,4246.542536037425
2024-01-05 02:00:00+00:00,94.34310619092395,94.34310619092395,93.61968237237846,93.83380267633875,4836.446765445131
2024-01-05 03:00:00+00:00,93.83380267633875,93.86161750438384,93.14623179037521,93.14623179037521,1990.5042015893805
2024-01-05 04:00:00+00:00,93.14623179037521,93.72155537019067,93.04667665917921,93.04667665917921,634.9576971770713
2024-01-05 05:00:00+00:00,93.04667665917921,93.56484140562247,93.04667665917921,93.30754198945462,5936.032772981303
2024-01-05 06:00:00+00:00,93.30754198945462,93.506363146089,93.15092251925586,93.47947122791082,2966.787069453503
2024-01-05 07:00:00+00:00,93.47947122791082,93.47947122791082,92.65589981009269,92.75818852001582,7265.710717389566
2024-01-05 08:00:00+00:00,92.75818852001582,92.75818852001582,91.86237099629679,91.86237099629679,2186.8902133040933
2024-01-05 09:00:00+00:00,91.86237099629679,91.98771132931032,91.51606347649214,91.74891949882795,7974.908571695815
2024-01-05 10:00:00+00:00,91.74891949882795,92.0137699547418,91.67553383409287,91.76843067834581,4380.4131130624255
2024-01-05 11:00:00+00:00,91.76843067834581,92.33416498512481,91.4281904618236,92.33416498512481,4105.608498354599
2024-01-05 12:00:00+00:00,92.33416498512481,92.98625223148683,92.33212474519578,92.73218986943974,2362.756272683611
2024-01-05 13:00:00+00:00,92.73218986943974,92.97038356242132,92.38656930952754,92.38656930952754,1491.5731550495175
2024-01-05 14:00:00+00:00,92.38656930952754,94.0063909037625,92.38656930952754,94.0063909037625,4214.562043614567
2024-01-05 15:00:00+00:00,94.0063909037625,95.29630989511969,94.0063909037625,94.89848192778045,1047.5302888097517
2024-01-05 16:00:00+00:00,94.89848192778045,94.89997427074142,94.49005278396241,94.49005278396241,4686.773075588996
2024-01-05 17:00:00+00:00,94.49005278396241,94.49005278396241,94.0290185949453,94.42657059924005,1835.4038138126407
2024-01-05 18:00:00+00:00,94.42657059924005,94.94699520391032,94.16681484842961,94.94699520391032,2086.0153362106103
2024-01-05 19:00:00+00:00,94.94699520391032,95.22140649138386,94.04857806529202,94.04857806529202,1248.0970618022948
2024-01-05 20:00:00+00:00,94.04857806529202,94.71129164093244,93.91968936684185,94.19209434645767,3446.383762608592
2024-01-05 21:00:00+00:00,94.19209434645767,95.1973396067926,94.19192190335167,95.1973396067926,3560.26230292264
2024-01-05 22:00:00+00:00,95.1973396067926,96.35957531152114,95.1973396067926,96.23485220897308,7179.074529131436
2024-01-05 23:00:00+00:00,96.23485220897308,97.1258123600128,96.23485220897308,96.96283415908391,2648.083814771011
2024-01-06 00:00:00+00:00,96.96283415908391,97.13687625327468,96.80044892043924,96.99030310404311,3269.0826190143785
2024-01-06 01:00:00+00:00,96.99030310404311,97.06398510829008,95.84475483109445,96.01472152672339,964.5760788831458
2024-01-06 02:00:00+00:00,96.01472152672339,97.26399063512137,95.85771227198052,97.07495863698104,2761.7777992429387
2024-01-06 03:00:00+00:00,97.07495863698104,97.82248618801141,97.05131930037356,97.82248618801141,4626.1689581552355
2024-01-06 04:00:00+00:00,97.82248618801141,97.82248618801141,96.71241856603562,97.51305159855856,2030.100195361507
2024-01-06 05:00:00+00:00,97.51305159855856,97.60682310845102,97.42598498176608,97.42598498176608,1839.3135359199002
2024-01-06 06:00:00+00:00,97.42598498176608,97.50952057246093,96.62894257503338,97.01702318198724,1457.9869891720969
2024-01-06 07:00:00+00:00,97.01702318198724,97.20814335718508,96.71521738592025,97.04732322639818,1001.8665155289037
2024-01-06 08:00:00+00:00,97.04732322639818,97.26381577672963,96.31419154561273,96.56280029378264,3201.5376787991577
2024-01-06 09:00:00+00:00,96.56280029378264,96.8635403958201,96.39703930078508,96.8635403958201,2074.9173530045537
2024-01-06 10:00:00+00:00,96.8635403958201,98.17644394389777,96.82535152387251,97.84537599934951,3224.9414589718945
2024-01-06 11:00:00+00:00,97.84537599934951,98.07626236060919,97.16436299506219,97.43332628554755,3829.6489906109487
2024-01-06 12:00:00+00:00,97.43332628554755,97.6442536917189,97.23920196275996,97.23920196275996,2298.6783423228094
2024-01-06 13:00:00+00:00,97.23920196275996,97.38308452788539,96.61603332709726,97.30638258348111,2341.2206609455834
2024-01-06 14:00:00+00:00,97.30638258348111,97.30638258348111,96.78917363949708,97.0397780775173,3673.4443342170653
2024-01-06 15:00:00+00:00,97.0397780775173,97.79505364634294,97.0397780775173,97.46614202220255,5010.348268038839
2024-01-06 16:00:00+00:00,97.46614202220255,97.46614202220255,96.56955805760394,97.21603645909326,5665.30735087119
2024-01-06 17:00:00+00:00,97.21603645909326,97.21603645909326,95.96059092663326,96.19751685995085,3484.7882591352754
2024-01-06 18:00:00+00:00,96.19751685995085,97.23680588399402,96.19424150878376,96.9570898120702,1339.6357021268168
2024-01-06 19:00:00+00:00,96.9570898120702,97.6896722756225,96.90105475113052,97.6896722756225,3821.243726554866
2024-01-06 20:00:00+00:00,97.6896722756225,98.49019402689821,97.6896722756225,98.22622846021288,4180.284128603844
2024-01-06 21:00:00+00:00,98.22622846021288,99.02532001207291,97.83760988521912,99.02532001207291,3682.5726081954203
2024-01-06 22:00:00+00:00,99.02532001207291,99.3415384372708,98.68577409313565,99.12552056158255,5082.5004583015625
2024-01-06 23:00:00+00:00,99.12552056158255,99.2129731971788,98.71889659136332,98.76622062115615,4124.55902020151
2024-01-07 00:00:00+00:00,98.76622062115615,100.27167005413222,98.58723549892504,100.27167005413222,2495.2412077073586
2024-01-07 01:00:00+00:00,100.27167005413222,100.27167005413222,99.6113316346307,99.6113316346307,1007.7910220334004
2024-01-07 02:00:00+00:00,99.6113316346307,100.6080320213472,99.6113316346307,100.6080320213472,4485.134690006568
2024-01-07 03:00:00+00:00,100.6080320213472,100.78487570268804,100.18980885912168,100.5433292825489,1330.7293405480243
2024-01-07 04:00:00+00:00,100.5433292825489,101.03462437215748,100.47938620468227,100.6309725895666,512.8376734026251
2024-01-07 05:00:00+00:00,100.6309725895666,101.160263291118,100.29935064593947,101.160263291118,2318.7847360827623
2024-01-07 06:00:00+00:00,101.160263291118,101.837643651321,101.160263291118,101.56135897625268,1917.197852206338
2024-01-07 07:00:00+00:00,101.56135897625268,101.88700864402473,101.4395672531021,101.5917946033372,3635.702823331865
2024-01-07 08:00:00+00:00,101.5917946033372,101.94108738805882,101.30270876075198,101.8134704075563,2032.8265702829851
2024-01-07 09:00:00+00:00,101.8134704075563,102.12197773055945,101.5026425045058,101.94621279421474,5764.418283924527
2024-01-07 10:00:00+00:00,101.94621279421474,101.94621279421474,100.89082482915465,100.89082482915465,3164.5961826428074
2024-01-07 11:00:00+00:00,100.89082482915465,100.89082482915465,99.85899379013509,100.37583366023287,3699.511445627413
2024-01-07 12:00:00+00:00,100.37583366023287,101.46181099983092,100.37583366023287,101.20407544967884,2499.844082211118
2024-01-07 13:00:00+00:00,101.20407544967884,101.20407544967884,100.53410656937834,100.59827568456214,3806.9230093927513
2024-01-07 14:00:00+00:00,100.59827568456214,101.20035148525598,100.59827568456214,101.06023127021405,2123.976527102387
2024-01-07 15:00:00+00:00,101.06023127021405,103.20009217479121,101.06023127021405,103.20009217479121,6346.65847431597
2024-01-07 16:00:00+00:00,103.20009217479121,103.20009217479121,102.1585680452587,102.35535899253746,2707.00297283411
2024-01-07 17:00:00+00:00,102.35535899253746,102.35535899253746,101.83358313906687,102.20625659123353,4647.39701835341
2024-01-07 18:00:00+00:00,102.20625659123353,102.20625659123353,101.55047380156147,101.57484718990176,2831.156439119961
2024-01-07 19:00:00+00:00,101.57484718990176,101.77149420472303,101.4694829745327,101.72988565874402,2669.867696138138
2024-01-07 20:00:00+00:00,101.72988565874402,102.88031553264263,101.37111005878943,102.88031553264263,7495.548933834232
2024-01-07 21:00:00+00:00,102.88031553264263,102.88031553264263,102.29596386686266,102.4644751704831,7149.555232250861
2024-01-07 22:00:00+00:00,102.4644751704831,102.4644751704831,101.87209454390853,102.23761604362383,2643.887834922095
2024-01-07 23:00:00+00:00,102.23761604362383,103.07839532261177,102.23761604362383,102.88195399299194,5418.750472636688
2024-01-08 00:00:00+00:00,102.88195399299194,102.88195399299194,101.57283324697124,101.86205804800821,5401.445166246315
2024-01-08 01:00:00+00:00,101.86205804800821,101.92007520768146,101.57609513950442,101.92007520768146,5669.858237059324
2024-01-08 02:00:00+00:00,101.92007520768146,102.67929637546305,101.92007520768146,102.40004189116262,1902.062694393276
2024-01-08 03:00:00+00:00,102.40004189116262,102.79724234946684,102.2376885281175,102.79724234946684,5666.986120198046
2024-01-08 04:00:00+00:00,102.79724234946684,103.47128368629642,102.79724234946684,103.03076387953472,3441.653474910336
2024-01-08 05:00:00+00:00,103.03076387953472,103.89979607445254,103.03076387953472,103.467583332572,1886.75348975873
2024-01-08 06:00:00+00:00,103.467583332572,105.78879087056926,103.467583332572,105.78879087056926,4005.836644340964
2024-01-08 07:00:00+00:00,105.78879087056926,105.8114341586167,105.28142778372565,105.79769910366745,5665.255622803215
2024-01-08 08:00:00+00:00,105.79769910366745,106.79491486669416,105.53072802610052,106.79491486669416,2642.775779598652
2024-01-08 09:00:00+00:00,106.79491486669416,107.16657292249731,106.25641389721154,106.93956465847376,2218.378885663647
2024-01-08 10:00:00+00:00,106.93956465847376,107.35746696704423,106.5810971210265,107.28318584218557,2280.9591012695714
2024-01-08 11:00:00+00:00,107.28318584218557,107.47895603994408,106.17927099364732,106.36119280969523,2045.986826636565
2024-01-08 12:00:00+00:00,106.36119280969523,106.80534007230291,105.68319611519577,105.7858577657372,6918.561937103952
2024-01-08 13:00:00+00:00,105.7858577657372,105.7858577657372,104.49212741806772,104.57503818643278,2427.434312287319
2024-01-08 14:00:00+00:00,104.57503818643278,104.57503818643278,104.11223643067663,104.25316489736144,4222.197746086886
2024-01-08 15:00:00+00:00,104.25316489736144,105.31216250422717,104.25316489736144,104.70535863633009,4449.772389457612
2024-01-08 16:00:00+00:00,104.70535863633009,104.89684946850248,104.38139917115257,104.85229841183764,4266.408099526902
2024-01-08 17:00:00+00:00,104.85229841183764,104.85229841183764,103.45536003898233,103.45536003898233,5926.665131528664
2024-01-08 18:00:00+00:00,103.45536003898233,103.45536003898233,102.85691771087345,102.99829629591089,1783.2202896115145
2024-01-08 19:00:00+00:00,102.99829629591089,102.99829629591089,101.82116087631319,101.82116087631319,3032.064596458019
2024-01-08 20:00:00+00:00,101.82116087631319,102.40513938927404,101.67079515036305,102.40513938927404,2806.059803637934
2024-01-08 21:00:00+00:00,102.40513938927404,102.85583282863479,102.04327045741353,102.04327045741353,1669.5170524910675
2024-01-08 22:00:00+00:00,102.04327045741353,102.22035721027721,101.5582191667217,101.5582191667217,2157.9778760756017
2024-01-08 23:00:00+00:00,101.5582191667217,103.1335315621501,101.5582191667217,102.90264088299753,2955.2521857837496
2024-01-09 00:00:00+00:00,102.90264088299753,102.90264088299753,102.23142825191998,102.49768659562275,2687.6348460339013
2024-01-09 01:00:00+00:00,102.49768659562275,103.86543715048631,102.49768659562275,103.86543715048631,1765.1375574251178
2024-01-09 02:00:00+00:00,103.86543715048631,104.2938525975072,103.28903363117689,103.28903363117689,1945.3248325387565
2024-01-09 03:00:00+00:00,103.28903363117689,103.34302127309309,102.94431687654361,103.23577416327946,2964.760387600042
2024-01-09 04:00:00+00:00,103.23577416327946,103.50841484335369,103.19099193102892,103.21854542516098,1521.980502942467
2024-01-09 05:00:00+00:00,103.21854542516098,103.70712444895074,103.21854542516098,103.278002410097,3293.94764334108
2024-01-09 06:00:00+00:00,103.278002410097,103.278002410097,101.64858607482411,101.64858607482411,3506.4429238652833
2024-01-09 07:00:00+00:00,101.64858607482411,102.73234087124978,101.53350805695919,102.73234087124978,6766.242008235937
2024-01-09 08:00:00+00:00,102.73234087124978,103.27750762585741,102.20022274449244,103.27750762585741,3323.149411306087
2024-01-09 09:00:00+00:00,103.27750762585741,103.62701485812794,102.86688007198389,103.62701485812794,2012.119803432098
2024-01-09 10:00:00+00:00,103.62701485812794,104.12049150376596,103.33682910640594,103.33682910640594,1142.6904443937465
2024-01-09 11:00:00+00:00,103.33682910640594,103.72339946678429,103.08251327738651,103.72339946678429,2598.6924900844515
2024-01-09 12:00:00+00:00,103.72339946678429,103.72339946678429,103.07517602358583,103.64403640847614,2972.3590215421264
2024-01-09 13:00:00+00:00,103.64403640847614,104.01053212927683,103.36229524397149,103.48808016404355,1268.8825071572842
2024-01-09 14:00:00+00:00,103.48808016404355,104.61010017655954,103.4451391539844,104.61010017655954,2608.764883717104
2024-01-09 15:00:00+00:00,104.61010017655954,105.07487529658364,104.38390913472251,105.06427987139101,7254.104242370758
2024-01-09 16:00:00+00:00,105.06427987139101,105.42182305224557,105.05556546355812,105.42182305224557,6007.192543374948
2024-01-09 17:00:00+00:00,105.42182305224557,105.42182305224557,104.49867380740736,104.49867380740736,4102.619294919405
2024-01-09 18:00:00+00:00,104.49867380740736,105.40044734419847,104.20059257527234,105.40044734419847,2152.4592063492923
2024-01-09 19:00:00+00:00,105.40044734419847,105.40044734419847,104.70043089690273,105.36305595060459,2445.04207952863
2024-01-09 20:00:00+00:00,105.36305595060459,105.38821442405956,104.83556773588582,105.23738770180464,2200.8961029609204
2024-01-09 21:00:00+00:00,105.23738770180464,105.23738770180464,104.32438952388581,104.32438952388581,4269.074141614925
2024-01-09 22:00:00+00:00,104.32438952388581,104.82457370438813,104.18802985580669,104.18802985580669,6883.280596966613
2024-01-09 23:00:00+00:00,104.18802985580669,104.50155891297243,103.49410113187419,104.50155891297243,8485.348397301146
2024-01-10 00:00:00+00:00,104.50155891297243,104.7006420202935,104.09274386211581,104.42204079032413,5566.765526392342
2024-01-10 01:00:00+00:00,104.42204079032413,104.67313176130665,102.95655874891096,103.23261079911465,2938.795710771041
2024-01-10 02:00:00+00:00,103.23261079911465,103.23261079911465,102.27587047190316,102.64202816906298,1984.1986377610344
2024-01-10 03:00:00+00:00,102.64202816906298,103.20330127786472,102.26136710647802,103.20330127786472,1724.1016663885628
2024-01-10 04:00:00+00:00,103.20330127786472,103.68184026063729,102.92200530821297,103.10169077308272,3640.016674150513
2024-01-10 05:00:00+00:00,103.10169077308272,103.56710694399442,103.10169077308272,103.53597589981497,1685.1319347595916
2024-01-10 06:00:00+00:00,103.53597589981497,103.98216155894177,103.35146274999379,103.35146274999379,8378.443198408904
2024-01-10 07:00:00+00:00,103.35146274999379,103.35146274999379,102.67789707874391,102.86551740519526,3325.217743612227
2024-01-10 08:00:00+00:00,102.86551740519526,103.14250713644121,101.50253058916081,101.50253058916081,1814.4627265598801
2024-01-10 09:00:00+00:00,101.50253058916081,101.61230642463308,100.75018824075097,100.75018824075097,1813.4509046155995
2024-01-10 10:00:00+00:00,100.75018824075097,101.69656586301261,100.75018824075097,101.61279211388188,1176.4480603582003
2024-01-10 11:00:00+00:00,101.61279211388188,102.04627720016755,101.61279211388188,101.65668950588605,1601.3903815080953
2024-01-10 12:00:00+00:00,101.65668950588605,103.00583480074178,101.65668950588605,102.79305546935451,11555.933849239436
2024-01-10 13:00:00+00:00,102.79305546935451,102.93605882751892,102.44217146986051,102.52333773786047,1705.5517998079536
2024-01-10 14:00:00+00:00,102.52333773786047,102.6712666502008,102.14879603311286,102.58478182133344,1239.570894056516
2024-01-10 15:00:00+00:00,102.58478182133344,103.0590855792433,102.31883533528581,102.66062884567881,1773.704098208616
2024-01-10 16:00:00+00:00,102.66062884567881,102.66062884567881,101.06396946479313,101.21516657559278,3941.525800512036
2024-01-10 17:00:00+00:00,101.21516657559278,101.52262901531739,101.17790845901567,101.4264870871755,3707.411694488674
2024-01-10 18:00:00+00:00,101.4264870871755,102.22513577307295,101.4264870871755,101.96759687267466,2805.347646606376
2024-01-10 19:00:00+00:00,101.96759687267466,101.96759687267466,101.01494083061152,101.14818491090557,3512.4941824668826
2024-01-10 20:00:00+00:00,101.14818491090557,101.20631629226688,100.94450837249279,101.06606013713818,5890.840393582939
2024-01-10 21:00:00+00:00,101.06606013713818,101.13350943425208,100.36549124710349,100.78618053813487,2954.35492096005
2024-01-10 22:00:00+00:00,100.78618053813487,100.78618053813487,99.81869360522293,100.21851636205031,4738.875394133312
2024-01-10 23:00:00+00:00,100.21851636205031,101.26990711827757,100.21851636205031,101.26990711827757,3839.8294560799573
2024-01-11 00:00:00+00:00,101.26990711827757,101.3931977116041,100.78583620787698,101.06042481189266,2628.538806292484
2024-01-11 01:00:00+00:00,101.06042481189266,101.71535533396947,101.05785470648277,101.32624708008365,3285.8435941570765
2024-01-11 02:00:00+00:00,101.32624708008365,101.59530600760645,100.58439084160676,100.63371637953547,4285.614472790364
2024-01-11 03:00:00+00:00,100.63371637953547,101.1203739581577,100.30771789580092,100.45275826610839,2583.795210631808
2024-01-11 04:00:00+00:00,100.45275826610839,101.72961779348562,100.4084531685221,101.64756042173316,5401.142840577485
2024-01-11 05:00:00+00:00,101.64756042173316,101.64756042173316,100.41932957033703,100.81911151081685,1247.335757060116
2024-01-11 06:00:00+00:00,100.81911151081685,102.08137382044086,100.81911151081685,101.95933956450392,6317.286936659827
2024-01-11 07:00:00+00:00,101.95933956450392,102.65373684547652,101.95933956450392,102.43034165358482,2422.344623415356
2024-01-11 08:00:00+00:00,102.43034165358482,102.43034165358482,101.55933905146733,101.71410856086624,2973.95201232772
2024-01-11 09:00:00+00:00,101.71410856086624,101.71410856086624,101.08037584751304,101.41095351415973,1515.5870804001395
2024-01-11 10:00:00+00:00,101.41095351415973,101.695865969997,100.97260917741269,101.00061420734087,2697.9298778417624
2024-01-11 11:00:00+00:00,101.00061420734087,101.01417579670928,100.17754869937518,100.61626916378731,2935.6278057089394
2024-01-11 12:00:00+00:00,100.61626916378731,101.97796103658274,100.59759493521639,101.97796103658274,1424.7366954704266
2024-01-11 13:00:00+00:00,101.97796103658274,103.08045191564452,101.97796103658274,103.08045191564452,3417.470644881279
2024-01-11 14:00:00+00:00,103.08045191564452,103.18734708733973,102.73031755889711,103.08514660118531,4147.136773304741
2024-01-11 15:00:00+00:00,103.08514660118531,103.54652700795549,103.08514660118531,103.27907330033672,2793.4325787056428
2024-01-11 16:00:00+00:00,103.27907330033672,103.52382264464974,103.09381739683121,103.52382264464974,4594.850874611728
2024-01-11 17:00:00+00:00,103.52382264464974,103.72971545215356,103.28098051114328,103.54345233629648,7874.607385854477
2024-01-11 18:00:00+00:00,103.54345233629648,103.70978620956929,103.14577193140235,103.14577193140235,3700.223952667857
2024-01-11 19:00:00+00:00,103.14577193140235,104.09495489796252,103.14577193140235,103.98110195205318,1930.3788087753614
2024-01-11 20:00:00+00:00,103.98110195205318,104.45072834388449,103.15813805632328,103.15813805632328,1769.1045672224607
2024-01-11 21:00:00+00:00,103.15813805632328,104.46466370090441,103.15813805632328,104.14282920169407,5532.123771654407
2024-01-11 22:00:00+00:00,104.14282920169407,104.40349334488589,104.04133136218454,104.40349334488589,4823.339536303304
2024-01-11 23:00:00+00:00,104.40349334488589,105.90057519828682,104.40349334488589,105.53291117847174,4192.9928613302745
2024-01-12 00:00:00+00:00,105.53291117847174,105.61861560429021,104.64714905870966,104.64714905870966,1750.1861640718746
2024-01-12 01:00:00+00:00,104.64714905870966,104.77259503024278,103.69077193215739,103.69077193215739,1394.9570779058643
2024-01-12 02:00:00+00:00,103.69077193215739,103.91840298392444,103.20926924200174,103.22794721340699,2299.5334142175434
2024-01-12 03:00:00+00:00,103.22794721340699,103.37385681040176,103.03133982450916,103.32895247594587,3467.2178384077156
2024-01-12 04:00:00+00:00,103.32895247594587,104.07284641343196,102.8719055734493,104.07284641343196,2685.657859661769
2024-01-12 05:00:00+00:00,104.07284641343196,104.07284641343196,103.06259810417039,103.40538650599755,2883.12559551857
2024-01-12 06:00:00+00:00,103.40538650599755,103.76710306295277,103.22582567656265,103.76710306295277,3178.1295963247794
2024-01-12 07:00:00+00:00,103.76710306295277,104.61348112207799,103.65945645073597,104.28926365292317,2888.1909494108395
2024-01-12 08:00:00+00:00,104.28926365292317,104.28926365292317,102.86045225130823,102.86045225130823,3027.677040933203
2024-01-12 09:00:00+00:00,102.86045225130823,102.86045225130823,102.30385672107691,102.30385672107691,2474.6613667141764
2024-01-12 10:00:00+00:00,102.30385672107691,102.30385672107691,102.03931635532467,102.03931635532467,2204.9629607939546
2024-01-12 11:00:00+00:00,102.03931635532467,102.57842483996464,102.03931635532467,102.40263746674302,2264.1395784654273
2024-01-12 12:00:00+00:00,102.40263746674302,102.84841142380111,101.74107953870823,101.74107953870823,1490.3529795728314
2024-01-12 13:00:00+00:00,101.74107953870823,101.74107953870823,101.04840748077751,101.56127405163707,6563.29396440139
2024-01-12 14:00:00+00:00,101.56127405163707,102.07013905969224,101.52680823985128,101.96474465449361,1153.0444580684157
2024-01-12 15:00:00+00:00,101.96474465449361,103.20698199414423,101.96474465449361,103.01022544257803,3219.127160222767
2024-01-12 16:00:00+00:00,103.01022544257803,103.04011770409438,102.53655035612434,102.61266319768075,1620.9679727192035
2024-01-12 17:00:00+00:00,102.61266319768075,102.99226976517058,102.54809775702117,102.54809775702117,2793.953216161781
2024-01-12 18:00:00+00:00,102.54809775702117,103.34669986560797,102.40364760580688,103.17418791233914,3901.1702937370474
2024-01-12 19:00:00+00:00,103.17418791233914,104.25870879842222,103.17418791233914,104.23079110535991,7201.628136672591
2024-01-12 20:00:00+00:00,104.23079110535991,105.77783024318141,104.23079110535991,105.64599118092143,1111.5668449235852
2024-01-12 21:00:00+00:00,105.64599118092143,106.47535959976435,105.64599118092143,106.47535959976435,5658.859128349547
2024-01-12 22:00:00+00:00,106.47535959976435,107.54592192678096,106.3657468146863,106.99466787702465,3939.7709202743818
2024-01-12 23:00:00+00:00,106.99466787702465,107.10712369963488,106.86125235274878,107.03396015119756,1870.2387126232816
2024-01-13 00:00:00+00:00,107.03396015119756,107.67709703698594,106.62819205603574,107.67709703698594,1801.3648987882827
2024-01-13 01:00:00+00:00,107.67709703698594,107.74791053981097,107.19645566002856,107.3044100659257,4229.83361012862
2024-01-13 02:00:00+00:00,107.3044100659257,107.49008025198137,106.5960509042952,106.5960509042952,5783.633397110453
2024-01-13 03:00:00+00:00,106.5960509042952,107.14237696325924,106.25373626134885,107.14237696325924,1355.9732089341671
2024-01-13 04:00:00+00:00,107.14237696325924,107.14237696325924,106.23794961862967,106.23794961862967,2932.4564779755983
2024-01-13 05:00:00+00:00,106.23794961862967,106.23794961862967,105.04063679322813,105.36711627414705,771.5556120661394
2024-01-13 06:00:00+00:00,105.36711627414705,105.57681648462233,105.20107259256241,105.57681648462233,1346.5124899129623
2024-01-13 07:00:00+00:00,105.57681648462233,105.76476467152825,104.86586478691272,104.86586478691272,1831.0466357626067
2024-01-13 08:00:00+00:00,104.86586478691272,104.86586478691272,104.28185948664203,104.33005845228747,5822.161681479988
2024-01-13 09:00:00+00:00,104.33005845228747,105.10139717045571,104.32244954360249,104.59380296222027,2907.464523166489
2024-01-13 10:00:00+00:00,104.59380296222027,104.78453030534031,104.35015148702826,104.7348389280663,2763.9494298096624
2024-01-13 11:00:00+00:00,104.7348389280663,105.13511382103499,104.58276641900738,104.66280885444023,3295.6440536363066
2024-01-13 12:00:00+00:00,104.66280885444023,105.51739635800845,104.41117995589197,105.43082053094004,4888.621451124549
2024-01-13 13:00:00+00:00,105.43082053094004,106.29788321580803,105.34001350797604,105.9819200090823,1919.0826939204742
2024-01-13 14:00:00+00:00,105.9819200090823,106.12851284763458,105.24504707684322,106.12851284763458,3228.404326258994
2024-01-13 15:00:00+00:00,106.12851284763458,106.59063162401544,105.76890808122037,105.95592765214026,3722.7238980574257
2024-01-13 16:00:00+00:00,105.95592765214026,106.3428227126722,105.95592765214026,106.33132868149885,3234.8692597420554
2024-01-13 17:00:00+00:00,106.33132868149885,107.28280107907068,106.23106461331027,107.28280107907068,5110.0407754563585
2024-01-13 18:00:00+00:00,107.28280107907068,108.38068741242239,107.05944119634172,108.30242738417081,5938.956653391803
2024-01-13 19:00:00+00:00,108.30242738417081,108.30242738417081,106.82755568891363,107.45159739667793,3486.2409798542535
2024-01-13 20:00:00+00:00,107.45159739667793,108.23302208587698,107.45159739667793,108.23302208587698,2623.829322683687
2024-01-13 21:00:00+00:00,108.23302208587698,108.58557320269112,108.01275997472656,108.01275997472656,4655.259605636727
2024-01-13 22:00:00+00:00,108.01275997472656,108.31868972376711,107.62170942121251,107.62170942121251,3275.96712471257
2024-01-13 23:00:00+00:00,107.62170942121251,107.62170942121251,106.03504013578863,106.03504013578863,2019.5921482719755
2024-01-14 00:00:00+00:00,106.03504013578863,106.56500945970524,105.98517821126562,106.19551494255929,2559.4381171196237
2024-01-14 01:00:00+00:00,106.19551494255929,106.19551494255929,104.80399670351859,104.93965061873027,2199.508432466858
2024-01-14 02:00:00+00:00,104.93965061873027,105.67652069684631,104.80309766135653,105.67652069684631,6294.475642281704
2024-01-14 03:00:00+00:00,105.67652069684631,106.93073511635654,105.67652069684631,106.84228896804815,2898.5186540031104
2024-01-14 04:00:00+00:00,106.84228896804815,106.98014316534272,106.1053298057364,106.1053298057364,2373.2796538932307
2024-01-14 05:00:00+00:00,106.1053298057364,106.18259075236388,105.63394925219515,106.15373451199426,1623.2718574222524
2024-01-14 06:00:00+00:00,106.15373451199426,106.17804173839598,104.68552250329287,105.08956932828292,3859.077453840816
2024-01-14 07:00:00+00:00,105.08956932828292,105.69073904775807,104.97639199608919,105.33005974618023,2775.090725797001
2024-01-14 08:00:00+00:00,105.33005974618023,105.90116372048112,104.79536328768745,105.90116372048112,3488.5173442997475
2024-01-14 09:00:00+00:00,105.90116372048112,106.04111863181247,105.55307491696736,106.04111863181247,1351.9400847674315
2024-01-14 10:00:00+00:00,106.04111863181247,106.08234737618889,105.60145312297333,106.05134863883072,2541.6934879078294
2024-01-14 11:00:00+00:00,106.05134863883072,106.26452521331863,105.50064664115553,105.50064664115553,2496.24297543166
2024-01-14 12:00:00+00:00,105.50064664115553,105.77556633116907,105.11348027273537,105.11348027273537,2716.5666176721343
2024-01-14 13:00:00+00:00,105.11348027273537,105.11348027273537,104.31693571947818,104.67835340648122,2057.0565868425147
2024-01-14 14:00:00+00:00,104.67835340648122,104.98825396445362,104.40152997592614,104.98825396445362,4602.680490135439
2024-01-14 15:00:00+00:00,104.98825396445362,105.51924605796266,104.83111905145928,105.51924605796266,1567.2419090871554
2024-01-14 16:00:00+00:00,105.51924605796266,105.83261353478667,105.14376108977326,105.83261353478667,2198.5873611445127
2024-01-14 17:00:00+00:00,105.83261353478667,106.11659943516086,105.80823501444318,105.83038195502495,1513.423871879697
2024-01-14 18:00:00+00:00,105.83038195502495,106.4734368529244,105.50546950992718,105.64238483855647,3002.9347747469383
2024-01-14 19:00:00+00:00,105.64238483855647,106.26775828740718,105.34883006555383,105.94514348590052,1679.158642609011
2024-01-14 20:00:00+00:00,105.94514348590052,106.37475340393321,105.68316480002592,106.34021990176961,2036.5467201576494
2024-01-14 21:00:00+00:00,106.34021990176961,106.34021990176961,105.9646835821021,105.98041277562882,3018.7104000096424
2024-01-14 22:00:00+00:00,105.98041277562882,106.36962292402134,105.63610236165638,106.01880237518237,4487.847187322683
2024-01-14 23:00:00+00:00,106.01880237518237,106.67312769436829,106.01880237518237,106.67312769436829,2430.069988831178
2024-01-15 00:00:00+00:00,106.67312769436829,106.67312769436829,105.63606789531815,105.63606789531815,2236.85383463258
2024-01-15 01:00:00+00:00,105.63606789531815,106.15099243957356,105.63606789531815,106.12066152644056,4687.724754926155
2024-01-15 02:00:00+00:00,106.12066152644056,106.35469945324562,105.97123432845716,106.13542757975283,1747.670862853286
2024-01-15 03:00:00+00:00,106.13542757975283,106.48501496767766,105.74663203271523,105.9109920585758,1719.956990965843
2024-01-15 04:00:00+00:00,105.9109920585758,105.9109920585758,104.68449847312084,104.71505574725026,2826.91120208687
2024-01-15 05:00:00+00:00,104.71505574725026,105.18180406337014,104.60215861515869,104.79585361100295,3410.95089577864
2024-01-15 06:00:00+00:00,104.79585361100295,104.79585361100295,103.53398092408158,103.83492872856014,5674.344010257603
2024-01-15 07:00:00+00:00,103.83492872856014,103.83492872856014,103.30021412605227,103.34986569082528,1935.9918796209245
2024-01-15 08:00:00+00:00,103.34986569082528,103.60442909552509,103.13056457258938,103.35995202665988,2778.8180090482097
2024-01-15 09:00:00+00:00,103.35995202665988,103.35995202665988,102.72890103331177,102.78100818251062,1804.9465740997503
2024-01-15 10:00:00+00:00,102.78100818251062,102.78100818251062,101.77278254802204,101.77278254802204,1443.6479908686495
2024-01-15 11:00:00+00:00,101.77278254802204,103.71488902790217,101.77278254802204,103.56024122678119,2882.970855181783
2024-01-15 12:00:00+00:00,103.56024122678119,103.84034657774431,103.16331096411862,103.42176940359872,1963.7625577649076
2024-01-15 13:00:00+00:00,103.42176940359872,103.93724481021738,103.320622936407,103.93724481021738,3793.7948954198628
2024-01-15 14:00:00+00:00,103.93724481021738,104.15112047397193,103.70210149268824,103.71378026695581,2001.2832550972169
2024-01-15 15:00:00+00:00,103.71378026695581,103.83736912449811,102.62600063130557,102.62600063130557,2395.943709073511
2024-01-15 16:00:00+00:00,102.62600063130557,102.84313542773995,102.2960556701529,102.2960556701529,4756.898220619395
2024-01-15 17:00:00+00:00,102.2960556701529,102.65546858365916,102.18522987051645,102.47114989168492,3322.743886853033
2024-01-15 18:00:00+00:00,102.47114989168492,102.95699500983066,102.16930888406313,102.95699500983066,4149.286627924066
2024-01-15 19:00:00+00:00,102.95699500983066,103.00223704037705,102.436097515157,102.46160823842342,7033.009768024293
2024-01-15 20:00:00+00:00,102.46160823842342,102.46160823842342,101.78864073844356,101.94650787277146,10925.52745363158
2024-01-15 21:00:00+00:00,101.94650787277146,101.9864444899523,101.45612066923495,101.62672697349342,3190.4102231570523
2024-01-15 22:00:00+00:00,101.62672697349342,101.92589713746086,101.13953925808329,101.13953925808329,3558.9668492510154
2024-01-15 23:00:00+00:00,101.13953925808329,101.13953925808329,100.41869332639946,100.44318585015526,1902.1310588779327
2024-01-16 00:00:00+00:00,100.44318585015526,100.92947675087633,100.24016569371975,100.24016569371975,2016.5861973014712
2024-01-16 01:00:00+00:00,100.24016569371975,100.42860934405472,99.71461795973632,100.42860934405472,3590.9042399809305
2024-01-16 02:00:00+00:00,100.42860934405472,101.59951871105143,100.42860934405472,101.59951871105143,4354.575591409821
2024-01-16 03:00:00+00:00,101.59951871105143,102.4590602020831,101.27397615003935,102.4590602020831,9439.475684835348
2024-01-16 04:00:00+00:00,102.4590602020831,102.97377789407444,102.34776887825164,102.97377789407444,4272.561243010351
2024-01-16 05:00:00+00:00,102.97377789407444,103.15677651919262,102.4647529642023,102.91708762739275,4928.841017014222
2024-01-16 06:00:00+00:00,102.91708762739275,103.2568142111438,101.95891530967475,101.95891530967475,2290.0014356430825
2024-01-16 07:00:00+00:00,101.95891530967475,102.72487006507134,101.67054048189875,102.72487006507134,3201.774555261842
2024-01-16 08:00:00+00:00,102.72487006507134,103.50398495790975,102.6107878185385,103.26375342652514,3594.126584112662
2024-01-16 09:00:00+00:00,103.26375342652514,103.5603713541268,102.7021859922892,102.7341463920316,778.5842449769078
2024-01-16 10:00:00+00:00,102.7341463920316,103.0156964845563,102.67750882606272,102.875539951977,3054.67937439943
2024-01-16 11:00:00+00:00,102.875539951977,102.92228744755212,102.22837395766004,102.40297007224582,3172.3183096594266
2024-01-16 12:00:00+00:00,102.40297007224582,102.40297007224582,101.17013215351174,101.17013215351174,2282.544364598409
2024-01-16 13:00:00+00:00,101.17013215351174,101.17013215351174,100.32584490984432,100.32584490984432,4270.669045049954
2024-01-16 14:00:00+00:00,100.32584490984432,100.60518124980611,100.1900418210936,100.21210584053155,2057.9657091063045
2024-01-16 15:00:00+00:00,100.21210584053155,100.73545715742388,100.06313734941556,100.10065097236783,2512.907576575913
2024-01-16 16:00:00+00:00,100.10065097236783,100.12895164266091,99.92397891341743,99.96108212892804,8426.445234963503
2024-01-16 17:00:00+00:00,99.96108212892804,99.96108212892804,99.33710564737066,99.58087669012443,3013.912526273543
2024-01-16 18:00:00+00:00,99.58087669012443,100.61437865821895,99.47102303063836,100.61437865821895,2356.1979137306475
2024-01-16 19:00:00+00:00,100.61437865821895,100.72016415793031,100.27112880730188,100.40213916356554,3699.1951694269924
2024-01-16 20:00:00+00:00,100.40213916356554,100.40213916356554,99.50804206961121,99.84177141972317,1556.4503725278823
2024-01-16 21:00:00+00:00,99.84177141972317,100.07837508424323,99.64649561394567,99.69566287404862,1259.8081979941448
2024-01-16 22:00:00+00:00,99.69566287404862,101.37068380804564,99.69566287404862,101.23826258804186,2651.3104994572923
2024-01-16 23:00:00+00:00,101.23826258804186,101.39793210890267,100.71025520964626,100.91824072264477,1468.8233160092875
2024-01-17 00:00:00+00:00,100.91824072264477,101.11841360063555,100.46279451870953,100.83866368563388,1341.7491169813095
2024-01-17 01:00:00+00:00,100.83866368563388,101.31752494534156,100.3572453282838,101.31752494534156,1919.3414435758973
2024-01-17 02:00:00+00:00,101.31752494534156,102.04915510350847,101.31752494534156,101.82870306271813,3322.5935713703752
2024-01-17 03:00:00+00:00,101.82870306271813,102.43563537805879,101.82870306271813,102.30650691706933,3558.6814677141933
2024-01-17 04:00:00+00:00,102.30650691706933,103.24015536646003,102.30650691706933,103.24015536646003,5723.338178025619
2024-01-17 05:00:00+00:00,103.24015536646003,103.56466970601,102.71852673818313,102.71852673818313,2750.1474008700957
2024-01-17 06:00:00+00:00,102.71852673818313,103.54009294213651,102.33249730504033,103.48576433347452,3978.603356812459
2024-01-17 07:00:00+00:00,103.48576433347452,103.50522965656025,102.88450804551483,103.37118859307037,2199.5634268401254
2024-01-17 08:00:00+00:00,103.37118859307037,103.74318082308054,102.64215317561995,103.74318082308054,866.7763140242312
2024-01-17 09:00:00+00:00,103.74318082308054,103.74318082308054,102.78826709094766,103.45460385125925,2158.219770210806
2024-01-17 10:00:00+00:00,103.45460385125925,103.45460385125925,102.39824255670455,102.75556414778825,2929.8938492149277
2024-01-17 11:00:00+00:00,102.75556414778825,103.60389577004936,102.75556414778825,103.32865635296284,3195.831861114313
2024-01-17 12:00:00+00:00,103.32865635296284,103.32865635296284,101.35937158801329,101.35937158801329,1199.276983262055
2024-01-17 13:00:00+00:00,101.35937158801329,101.67577938142917,100.29723432196874,100.29723432196874,3797.1536127075824
2024-01-17 14:00:00+00:00,100.29723432196874,100.29723432196874,98.99721454267751,99.59855251513417,4938.5181606634005
2024-01-17 15:00:00+00:00,99.59855251513417,99.88017515036921,99.54975473286201,99.88017515036921,1485.623502959627
2024-01-17 16:00:00+00:00,99.88017515036921,100.66553781258212,99.88017515036921,100.30021946225722,2048.5830945057437
2024-01-17 17:00:00+00:00,100.30021946225722,100.56652018871516,99.65622360040682,100.17698406839031,3018.2699575915617
2024-01-17 18:00:00+00:00,100.17698406839031,100.60506681350384,99.57139589339849,99.57139589339849,5391.77815037161
2024-01-17 19:00:00+00:00,99.57139589339849,100.40195055756413,99.57139589339849,100.40195055756413,2118.340406638362
2024-01-17 20:00:00+00:00,100.40195055756413,101.27362458968902,100.40195055756413,101.27362458968902,4326.717227390773
2024-01-17 21:00:00+00:00,101.27362458968902,101.67398473184919,101.17137238921168,101.23959983778407,3673.486392928264
2024-01-17 22:00:00+00:00,101.23959983778407,101.67117743194554,101.09464539909048,101.67117743194554,5090.02638913158
2024-01-17 23:00:00+00:00,101.67117743194554,102.38581333906606,101.42954116352517,101.88322528424132,2617.553129931857
2024-01-18 00:00:00+00:00,101.88322528424132,102.37087009273426,101.88322528424132,102.32361219683057,5228.342999186859
2024-01-18 01:00:00+00:00,102.32361219683057,102.78550321905225,102.23435293535904,102.78550321905225,2723.2713187489244
2024-01-18 02:00:00+00:00,102.78550321905225,102.91899315018176,102.0829850439446,102.0829850439446,2019.7173940887878
2024-01-18 03:00:00+00:00,102.0829850439446,102.0829850439446,101.31374290387814,101.5950406575924,1891.0271969883256
2024-01-18 04:00:00+00:00,101.5950406575924,102.41561556618066,101.21516251463095,101.93746413907444,7784.88305151543
2024-01-18 05:00:00+00:00,101.93746413907444,102.80885409676078,101.84611623037101,102.61590325679437,1155.8195337202148
2024-01-18 06:00:00+00:00,102.61590325679437,103.07920447569265,102.49001688551229,103.05822039629935,3662.25761928642
2024-01-18 07:00:00+00:00,103.05822039629935,103.23256357391854,102.5425871026281,102.5425871026281,2167.1140546230754
2024-01-18 08:00:00+00:00,102.5425871026281,102.75910877368862,102.09187414932983,102.09187414932983,2203.9325024902732
2024-01-18 09:00:00+00:00,102.09187414932983,102.64750305799164,101.85807986390085,102.64750305799164,8202.760190470433
2024-01-18 10:00:00+00:00,102.64750305799164,102.98772836216817,102.45002879444074,102.82804942750869,3929.841649953968
2024-01-18 11:00:00+00:00,102.82804942750869,103.51034486936827,102.82804942750869,103.51034486936827,6373.122189873739
2024-01-18 12:00:00+00:00,103.51034486936827,103.85138731918306,103.35099395542129,103.57834394940609,2490.8478825070883
2024-01-18 13:00:00+00:00,103.57834394940609,104.28688175950714,103.48045882678645,103.70049114956096,4754.180754682709
2024-01-18 14:00:00+00:00,103.70049114956096,103.76934083452421,103.50242065030827,103.60980798347465,1964.7680936402876
2024-01-18 15:00:00+00:00,103.60980798347465,103.87775314390427,103.36645573020411,103.67974495901872,4974.431304930073
2024-01-18 16:00:00+00:00,103.67974495901872,104.36422742239833,103.67974495901872,103.93817813559907,3896.9828202648378
2024-01-18 17:00:00+00:00,103.93817813559907,104.4186006240968,103.84812111819471,104.13503102143397,4605.201288537529
2024-01-18 18:00:00+00:00,104.13503102143397,105.46932172091971,104.13503102143397,105.31036118747528,5469.931187649616
2024-01-18 19:00:00+00:00,105.31036118747528,106.0738751291745,105.24111651394891,106.01933989873234,1388.1995751715012
2024-01-18 20:00:00+00:00,106.01933989873234,106.72311142870943,105.54177665065595,106.72311142870943,2200.039833566352
2024-01-18 21:00:00+00:00,106.72311142870943,106.72311142870943,105.60553638889469,105.98862557399357,3378.133531932117
2024-01-18 22:00:00+00:00,105.98862557399357,106.14151021193409,105.87732086231696,105.90747226506969,3243.5662364215073
2024-01-18 23:00:00+00:00,105.90747226506969,106.05680507887749,105.49780905415399,105.49780905415399,3720.828041484752
2024-01-19 00:00:00+00:00,105.49780905415399,106.37037991601923,105.48227936880095,106.37037991601923,1702.5499858618093
2024-01-19 01:00:00+00:00,106.37037991601923,106.37037991601923,105.32772057521244,105.86668361371902,4560.220389111836
2024-01-19 02:00:00+00:00,105.86668361371902,105.89151477420498,105.402140228877,105.84450305819303,6793.4416463692505
2024-01-19 03:00:00+00:00,105.84450305819303,106.57078877825691,105.84450305819303,106.57078877825691,8523.370516473486
2024-01-19 04:00:00+00:00,106.57078877825691,107.09900496437884,106.04799727950103,106.04799727950103,1223.2130742695554
2024-01-19 05:00:00+00:00,106.04799727950103,106.1909400426323,104.64533728479157,104.98137814630765,4461.185750437213
2024-01-19 06:00:00+00:00,104.98137814630765,105.88263784566857,104.98137814630765,105.88263784566857,1390.5695547402572
2024-01-19 07:00:00+00:00,105.88263784566857,106.01017418370024,105.68469637467793,105.97643991813713,2443.166029397564
2024-01-19 08:00:00+00:00,105.97643991813713,106.36700561499353,105.86597322508135,106.36700561499353,2387.7034396972795
2024-01-19 09:00:00+00:00,106.36700561499353,106.94133506064739,106.17268610722225,106.94133506064739,9292.61282010784
2024-01-19 10:00:00+00:00,106.94133506064739,107.40034028356067,106.78839141669928,107.40034028356067,2297.993337383463
2024-01-19 11:00:00+00:00,107.40034028356067,107.40034028356067,106.73747688115648,107.1173152166324,4140.770338041906
2024-01-19 12:00:00+00:00,107.1173152166324,108.5249132107085,107.1173152166324,108.5249132107085,2811.7145224788237
2024-01-19 13:00:00+00:00,108.5249132107085,109.19163442048995,108.2657752635876,108.75709968713292,1602.279642737654
2024-01-19 14:00:00+00:00,108.75709968713292,109.09156620389356,108.71317880180138,108.98556682256212,2983.4744779721996
2024-01-19 15:00:00+00:00,108.98556682256212,108.98556682256212,108.00218804363851,108.67110785080656,2534.621698880679
2024-01-19 16:00:00+00:00,108.67110785080656,108.68001724063622,107.7844439646657,107.7911643726022,1503.4336930503634
2024-01-19 17:00:00+00:00,107.7911643726022,107.7911643726022,107.0146491220669,107.0146491220669,4212.269374667066
2024-01-19 18:00:00+00:00,107.0146491220669,107.25072352483967,106.9525241653163,106.9525241653163,2465.1595787925826
2024-01-19 19:00:00+00:00,106.9525241653163,107.36022417375546,106.9525241653163,107.1939614542596,3076.1840302967194
2024-01-19 20:00:00+00:00,107.1939614542596,107.1939614542596,106.65579349467258,106.76645496819745,5436.494775463598
2024-01-19 21:00:00+00:00,106.76645496819745,107.61999670363036,106.51948845513043,107.61999670363036,4084.5020531214127
2024-01-19 22:00:00+00:00,107.61999670363036,108.05486644456558,107.4649646511283,107.58822158255984,1370.0453168270992
2024-01-19 23:00:00+00:00,107.58822158255984,109.10767266857184,107.38952731414732,109.10767266857184,3670.5734423425633
2024-01-20 00:00:00+00:00,109.10767266857184,109.10767266857184,108.02112693796954,108.02112693796954,2393.6335439254035
2024-01-20 01:00:00+00:00,108.02112693796954,108.92004550563635,107.50471561664114,108.92004550563635,4060.370179276658
2024-01-20 02:00:00+00:00,108.92004550563635,109.13151007668958,107.93131283489119,107.99945106744326,5890.0394684309995
2024-01-20 03:00:00+00:00,107.99945106744326,107.99945106744326,107.2136745469416,107.93307417015357,2179.7601253806215
2024-01-20 04:00:00+00:00,107.93307417015357,108.61474390761595,107.93307417015357,108.30022725383824,4456.475827751673
2024-01-20 05:00:00+00:00,108.30022725383824,109.27134995081067,108.0450630756443,109.27134995081067,2711.6793894514994
2024-01-20 06:00:00+00:00,109.27134995081067,109.46630747221072,108.83899061218679,109.46630747221072,1982.3154271654896
2024-01-20 07:00:00+00:00,109.46630747221072,109.46630747221072,108.29136448748429,109.18793146762249,5257.361668635817
2024-01-20 08:00:00+00:00,109.18793146762249,109.18793146762249,107.91126262299129,107.91126262299129,8567.61899762575
2024-01-20 09:00:00+00:00,107.91126262299129,107.9832063662346,107.4199949246026,107.9832063662346,3366.988828196078
2024-01-20 10:00:00+00:00,107.9832063662346,107.9832063662346,106.45635339780517,106.45635339780517,1701.843098906493
2024-01-20 11:00:00+00:00,106.45635339780517,106.50659578831242,105.7012450580485,106.31213564796198,1410.291982982235
2024-01-20 12:00:00+00:00,106.31213564796198,106.31213564796198,105.42636508211528,105.42636508211528,3966.948895811865
2024-01-20 13:00:00+00:00,105.42636508211528,105.42636508211528,104.5266759026889,104.5266759026889,3556.009584044644
2024-01-20 14:00:00+00:00,104.5266759026889,105.3323261017892,104.24824047027155,105.30168671575665,1234.804881076255
2024-01-20 15:00:00+00:00,105.30168671575665,106.03709539157144,105.11951961884785,106.03709539157144,4951.173667528114
2024-01-20 16:00:00+00:00,106.03709539157144,106.03709539157144,104.96747918634155,105.23200137204529,4237.1585245121305
2024-01-20 17:00:00+00:00,105.23200137204529,105.9080809873516,104.92188488081806,105.75199780651687,2218.603592529358
2024-01-20 18:00:00+00:00,105.75199780651687,106.28294659938898,105.62675012008262,105.62675012008262,6112.28057220701
2024-01-20 19:00:00+00:00,105.62675012008262,105.77695170830215,104.80302350632829,104.80302350632829,1957.9775946858294
2024-01-20 20:00:00+00:00,104.80302350632829,105.44903624909267,104.3733959617645,105.31557626703888,2134.6172978154127
2024-01-20 21:00:00+00:00,105.31557626703888,105.52516274068364,104.273102824865,104.36707750287717,1404.1639924156184
2024-01-20 22:00:00+00:00,104.36707750287717,105.28863327181143,104.36707750287717,105.0592707352749,2401.2038194688307
2024-01-20 23:00:00+00:00,105.0592707352749,105.42452187263157,105.0592707352749,105.41579037040978,4587.020895770622
2024-01-21 00:00:00+00:00,105.41579037040978,106.4921625177023,105.41579037040978,106.36298307953689,4342.209815168472
2024-01-21 01:00:00+00:00,106.36298307953689,106.5726248027251,106.08038405376155,106.08038405376155,1851.2186250735604
2024-01-21 02:00:00+00:00,106.08038405376155,106.87910248696093,106.08038405376155,106.6403607270055,1777.8644645606012
2024-01-21 03:00:00+00:00,106.6403607270055,106.6403607270055,106.33735449424226,106.33735449424226,1834.013616438193
2024-01-21 04:00:00+00:00,106.33735449424226,106.67485592816556,106.25372834479671,106.51081232869294,2571.5900382109994
2024-01-21 05:00:00+00:00,106.51081232869294,106.51081232869294,105.66590329074278,105.83815946871553,4272.359488969752
2024-01-21 06:00:00+00:00,105.83815946871553,105.92048941172318,105.43110996188,105.51289524279281,2886.713498893036
2024-01-21 07:00:00+00:00,105.51289524279281,106.47099741721662,105.51289524279281,105.72962177141619,2715.626120748231
2024-01-21 08:00:00+00:00,105.72962177141619,105.72962177141619,104.60520749970881,105.27206982286017,2179.7007511132915
2024-01-21 09:00:00+00:00,105.27206982286017,106.56243903742562,105.27206982286017,106.56243903742562,5683.584506275449
2024-01-21 10:00:00+00:00,106.56243903742562,106.9109289025895,105.97797578718138,105.97797578718138,2514.054576848133
2024-01-21 11:00:00+00:00,105.97797578718138,105.99140026191675,105.43184948450774,105.99140026191675,3620.044886731638
2024-01-21 12:00:00+00:00,105.99140026191675,106.3120250946498,105.79658051249079,106.3120250946498,2566.63005347907
2024-01-21 13:00:00+00:00,106.3120250946498,107.71406530211627,106.3120250946498,107.71406530211627,2201.7008122331717
2024-01-21 14:00:00+00:00,107.71406530211627,108.04131313179296,107.65252451434935,108.04131313179296,5099.374649731989
2024-01-21 15:00:00+00:00,108.04131313179296,108.86378590140838,108.04131313179296,108.86378590140838,3012.1766641723143
2024-01-21 16:00:00+00:00,108.86378590140838,109.60343315172234,108.86378590140838,109.2686621422901,3627.7573432737477
2024-01-21 17:00:00+00:00,109.2686621422901,109.2686621422901,108.8732857490723,109.19083743099225,4264.903373973545
2024-01-21 18:00:00+00:00,109.19083743099225,110.01468042030979,108.9519743982779,109.10388838597682,2712.350771801369
2024-01-21 19:00:00+00:00,109.10388838597682,110.09182662287746,109.10388838597682,109.84903292941407,3745.3374672356517
2024-01-21 20:00:00+00:00,109.84903292941407,110.04947421978508,109.55720237882002,109.93806530954781,3016.191819825721
2024-01-21 21:00:00+00:00,109.93806530954781,111.01005617306879,109.93806530954781,110.70043578475966,1804.877453858449
2024-01-21 22:00:00+00:00,110.70043578475966,110.82453519992231,109.63470434275949,110.13879097147822,2562.6363531710017
2024-01-21 23:00:00+00:00,110.13879097147822,111.14414170052767,110.13879097147822,111.14414170052767,2659.7977514265126
2024-01-22 00:00:00+00:00,111.14414170052767,111.14414170052767,110.4068762258025,110.48233735453016,1769.4897263118157
2024-01-22 01:00:00+00:00,110.48233735453016,111.80856689434106,110.48233735453016,111.80856689434106,2824.070073240501
2024-01-22 02:00:00+00:00,111.80856689434106,111.86833484334936,110.42718838097001,110.4276247893481,9195.24449376444
2024-01-22 03:00:00+00:00,110.4276247893481,110.4276247893481,108.95631491245435,109.24952528790631,4817.916290830758
2024-01-22 04:00:00+00:00,109.24952528790631,109.69024735912444,109.11507344862942,109.11507344862942,6557.213622991827
2024-01-22 05:00:00+00:00,109.11507344862942,109.34240342876586,108.75699202363755,108.75699202363755,1686.5015651775789
2024-01-22 06:00:00+00:00,108.75699202363755,108.8964604601845,108.13207958139213,108.515175996821,1026.210353206994
2024-01-22 07:00:00+00:00,108.515175996821,108.71088492373354,108.19587524342222,108.19587524342222,1430.7959241527008
2024-01-22 08:00:00+00:00,108.19587524342222,108.19587524342222,106.80200813637364,107.27735465932733,1677.9249483732542
2024-01-22 09:00:00+00:00,107.27735465932733,107.6894383694997,107.25890492601704,107.3166791712584,5754.469631500607
2024-01-22 10:00:00+00:00,107.3166791712584,107.41630796877484,106.51179191848075,106.79681571829319,1784.17904422571
2024-01-22 11:00:00+00:00,106.79681571829319,106.82645871177026,106.54350646334044,106.75340642808649,3942.2116831888093
2024-01-22 12:00:00+00:00,106.75340642808649,107.18692282222226,106.47513248980161,107.18692282222226,1464.497632242897
2024-01-22 13:00:00+00:00,107.18692282222226,107.6320640801501,106.9890024610861,107.22622637043831,4867.055425109587
2024-01-22 14:00:00+00:00,107.22622637043831,107.22622637043831,106.26288484049701,106.53355331494744,7002.083280971007
2024-01-22 15:00:00+00:00,106.53355331494744,106.59440882726629,106.09409511302697,106.09409511302697,2369.3323996726176
2024-01-22 16:00:00+00:00,106.09409511302697,106.09409511302697,105.7431370668274,106.08132174248904,2281.5265635408136
2024-01-22 17:00:00+00:00,106.08132174248904,106.6565974894377,106.08132174248904,106.43660211953262,615.2823532437022
2024-01-22 18:00:00+00:00,106.43660211953262,106.43660211953262,105.07443174434154,105.07443174434154,4953.602326728576
2024-01-22 19:00:00+00:00,105.07443174434154,105.66772252140652,104.9926903014409,105.37864385741034,12062.39216302307
2024-01-22 20:00:00+00:00,105.37864385741034,105.80843164831502,105.22325006464027,105.36558762430293,4054.9178693641406
2024-01-22 21:00:00+00:00,105.36558762430293,107.5352266711896,105.36558762430293,107.5352266711896,1207.3517752356204
2024-01-22 22:00:00+00:00,107.5352266711896,107.54332128982037,107.03761069694097,107.04087250175662,1794.9396761227767
2024-01-22 23:00:00+00:00,107.04087250175662,107.91344611107306,107.04087250175662,107.53840298755449,5856.3841600438145
2024-01-23 00:00:00+00:00,107.53840298755449,107.89786871847055,107.17493305037596,107.37452015261368,1863.5701903215233
2024-01-23 01:00:00+00:00,107.37452015261368,108.22630929249078,107.37452015261368,108.22630929249078,2341.208781983634
2024-01-23 02:00:00+00:00,108.22630929249078,108.58563158051635,108.1030760045886,108.1030760045886,3624.5176913797086
2024-01-23 03:00:00+00:00,108.1030760045886,108.1030760045886,107.77039830778233,107.87118132709953,3859.2786949013944
2024-01-23 04:00:00+00:00,107.87118132709953,108.87971584062988,107.55180397020379,108.87971584062988,6681.292107050942
2024-01-23 05:00:00+00:00,108.87971584062988,108.94389228802737,108.44458983263144,108.44458983263144,1496.7880449959648
2024-01-23 06:00:00+00:00,108.44458983263144,109.02935784538448,107.66312430330628,107.66312430330628,3587.2885829627426
2024-01-23 07:00:00+00:00,107.66312430330628,108.25655054642728,107.56503284835715,108.13514174124296,1796.4268570765732
2024-01-23 08:00:00+00:00,108.13514174124296,109.36962566401614,108.13514174124296,108.99268326650679,2395.512870262616
2024-01-23 09:00:00+00:00,108.99268326650679,109.94827596734015,108.99268326650679,109.71624921221253,2446.1316542111917
2024-01-23 10:00:00+00:00,109.71624921221253,109.71624921221253,108.94306646636268,108.94306646636268,4055.339492093688
2024-01-23 11:00:00+00:00,108.94306646636268,109.13758834163337,108.64870685973285,108.8288264327658,1785.0115979951715
2024-01-23 12:00:00+00:00,108.8288264327658,109.10557143190654,108.22291152690914,108.51448014394782,4712.729726387937
2024-01-23 13:00:00+00:00,108.51448014394782,109.46998621696832,108.51448014394782,109.46998621696832,2127.5143833599004
2024-01-23 14:00:00+00:00,109.46998621696832,110.37277519112227,109.46998621696832,110.12639502767382,4289.635547270767
2024-01-23 15:00:00+00:00,110.12639502767382,110.9778158121609,110.12639502767382,110.9778158121609,4716.881022084581
2024-01-23 16:00:00+00:00,110.9778158121609,111.40792484207245,110.37808054527221,110.37808054527221,5824.78649833877
2024-01-23 17:00:00+00:00,110.37808054527221,110.37808054527221,109.73876202623612,110.29714257891875,5256.859016368894
2024-01-23 18:00:00+00:00,110.29714257891875,111.11704658496267,110.29714257891875,110.80171246946423,2724.707889117791
2024-01-23 19:00:00+00:00,110.80171246946423,110.80171246946423,109.67265323209845,110.10130751307092,2204.570621844334
2024-01-23 20:00:00+00:00,110.10130751307092,111.25065127017598,110.10130751307092,110.77970993668546,3055.804447994603
2024-01-23 21:00:00+00:00,110.77970993668546,110.77970993668546,109.22483716231109,109.22625500343197,6465.128320557017
2024-01-23 22:00:00+00:00,109.22625500343197,109.22625500343197,108.39515529615184,108.39515529615184,5553.171574427932
2024-01-23 23:00:00+00:00,108.39515529615184,108.79833135274035,107.51615858872553,107.51615858872553,4597.8055833959015
2024-01-24 00:00:00+00:00,107.51615858872553,108.74165321620852,107.48741623572062,107.48741623572062,6314.830196190569
2024-01-24 01:00:00+00:00,107.48741623572062,107.48741623572062,106.88128129495065,107.00290013207228,2727.130063727794
2024-01-24 02:00:00+00:00,107.00290013207228,108.23174678408536,107.00290013207228,108.22856546095147,1975.5703578833811
2024-01-24 03:00:00+00:00,108.22856546095147,108.65807649310116,107.96704025656796,108.30570353217449,1095.3026353548214
2024-01-24 04:00:00+00:00,108.30570353217449,108.32912804784834,107.55593148225786,107.83048742144452,2710.4902272695404
2024-01-24 05:00:00+00:00,107.83048742144452,108.0504932674393,107.17856513174925,107.17856513174925,4396.590359845951
2024-01-24 06:00:00+00:00,107.17856513174925,107.3894882865202,106.86699826084794,106.88183022966105,2020.172132947929
2024-01-24 07:00:00+00:00,106.88183022966105,106.88183022966105,106.31874414390981,106.79710422839386,2528.6726283635703
2024-01-24 08:00:00+00:00,106.79710422839386,106.79710422839386,105.20707064427002,105.20707064427002,1470.1182861828272
2024-01-24 09:00:00+00:00,105.20707064427002,106.01861873384402,105.10367086540148,106.01861873384402,3798.424348064304
2024-01-24 10:00:00+00:00,106.01861873384402,106.66201322743227,106.01861873384402,106.66201322743227,3911.9670881977086
2024-01-24 11:00:00+00:00,106.66201322743227,107.44356958171302,106.66201322743227,107.1807247293416,3037.4874801045944
2024-01-24 12:00:00+00:00,107.1807247293416,108.1859300435915,107.1807247293416,107.8716700229329,3780.6237021178254
2024-01-24 13:00:00+00:00,107.8716700229329,107.8716700229329,107.64645301469655,107.86358310843231,1235.7683235670695
2024-01-24 14:00:00+00:00,107.86358310843231,108.2377128642585,107.56772979283768,108.17566454846576,3543.069815678548
2024-01-24 15:00:00+00:00,108.17566454846576,108.79986800095239,108.17566454846576,108.67692410656547,4804.1362955253
2024-01-24 16:00:00+00:00,108.67692410656547,108.67692410656547,107.41832898089919,107.62107720316067,10420.58837915236
2024-01-24 17:00:00+00:00,107.62107720316067,107.62107720316067,106.57521344235157,106.74555189386915,3130.8979584892036
2024-01-24 18:00:00+00:00,106.74555189386915,107.42242852203137,106.74555189386915,106.8337045886128,3402.1563003941314
2024-01-24 19:00:00+00:00,106.8337045886128,108.01347587735332,106.8337045886128,108.01347587735332,2084.659574357839
2024-01-24 20:00:00+00:00,108.01347587735332,108.37139387457377,107.48416482203517,108.37139387457377,4997.007125813874
2024-01-24 21:00:00+00:00,108.37139387457377,108.86028322428707,108.28718633264377,108.28718633264377,2378.87675292498
2024-01-24 22:00:00+00:00,108.28718633264377,108.28718633264377,107.49279936624691,107.49279936624691,3543.4140702235736
2024-01-24 23:00:00+00:00,107.49279936624691,107.98448549486632,107.28589593100115,107.42727988227381,2454.034685763989
2024-01-25 00:00:00+00:00,107.42727988227381,107.42727988227381,106.24644878417342,106.32826014467275,4667.117335960336
2024-01-25 01:00:00+00:00,106.32826014467275,107.26236362407947,106.00726250128783,107.26236362407947,3202.993369869227
2024-01-25 02:00:00+00:00,107.26236362407947,107.78473011256096,107.26236362407947,107.44968113369893,6508.120831908322
2024-01-25 03:00:00+00:00,107.44968113369893,107.96224401215133,107.25054941948683,107.78038763102559,1857.2604933379084
2024-01-25 04:00:00+00:00,107.78038763102559,107.83173545850643,107.14035895036365,107.23213122169602,3591.43010609555
2024-01-25 05:00:00+00:00,107.23213122169602,107.7621820180158,107.0990273594512,107.58890373282529,2372.5665506088158
2024-01-25 06:00:00+00:00,107.58890373282529,109.08610332240761,107.58890373282529,109.08610332240761,1375.6597102869625
2024-01-25 07:00:00+00:00,109.08610332240761,109.08610332240761,108.48601958600328,108.8615130271797,4050.428578120843
2024-01-25 08:00:00+00:00,108.8615130271797,109.30354415266247,108.41713798878403,108.41713798878403,5127.805820655014
2024-01-25 09:00:00+00:00,108.41713798878403,108.84606775049438,108.33880539534127,108.33880539534127,2626.018169634543
2024-01-25 10:00:00+00:00,108.33880539534127,108.61984818098496,108.2463476147144,108.31290261322948,1061.1961406409525
2024-01-25 11:00:00+00:00,108.31290261322948,109.051138370217,108.2640068930025,108.26703613044579,4278.970945882754
2024-01-25 12:00:00+00:00,108.26703613044579,108.73753653004279,108.19340388908753,108.70415491706865,2198.8332582238827
2024-01-25 13:00:00+00:00,108.70415491706865,109.49350595266391,108.70415491706865,109.23316448713322,2094.4227025009222
2024-01-25 14:00:00+00:00,109.23316448713322,109.23316448713322,108.30953031659446,108.30953031659446,4056.589115830636
2024-01-25 15:00:00+00:00,108.30953031659446,108.77820658537749,107.95573612351761,108.77820658537749,2481.369298452139
2024-01-25 16:00:00+00:00,108.77820658537749,108.77820658537749,107.8575446342924,107.92323079474458,5838.091964756144
2024-01-25 17:00:00+00:00,107.92323079474458,107.92323079474458,106.21421343747254,106.48584764045654,4449.518458040473
2024-01-25 18:00:00+00:00,106.48584764045654,106.67726821687768,106.1786936500532,106.52386962678541,3334.3515556672055
2024-01-25 19:00:00+00:00,106.52386962678541,107.08774264862323,106.4273024378262,106.47785821827556,3730.992667883317
2024-01-25 20:00:00+00:00,106.47785821827556,106.47785821827556,105.24145905511645,105.24145905511645,1662.7068798664063
2024-01-25 21:00:00+00:00,105.24145905511645,105.80461874030433,104.81341487473888,105.80461874030433,2705.197437693747
2024-01-25 22:00:00+00:00,105.80461874030433,106.99934550650214,105.42308700011141,106.99934550650214,2595.099234466653
2024-01-25 23:00:00+00:00,106.99934550650214,107.71678603901395,106.99934550650214,107.71678603901395,2641.5180968714253
2024-01-26 00:00:00+00:00,107.71678603901395,107.71678603901395,106.80221343043445,106.80221343043445,1052.6700525751207
2024-01-26 01:00:00+00:00,106.80221343043445,106.84171422998338,105.47252212764147,105.47252212764147,3781.2819229464603
2024-01-26 02:00:00+00:00,105.47252212764147,105.47252212764147,104.82986708072629,104.82986708072629,3025.3498287716916
2024-01-26 03:00:00+00:00,104.82986708072629,105.1591546981658,104.7033822811027,104.76835724915405,1207.3061923541766
2024-01-26 04:00:00+00:00,104.76835724915405,105.4212703428971,104.6367533829472,105.4212703428971,1718.7838703928087
2024-01-26 05:00:00+00:00,105.4212703428971,105.4212703428971,104.7553494478776,105.11468633704585,1547.746055442327
2024-01-26 06:00:00+00:00,105.11468633704585,105.93388023767284,105.11468633704585,105.44105057495905,3502.40852760943
2024-01-26 07:00:00+00:00,105.44105057495905,106.73873672730805,105.44105057495905,106.73873672730805,3844.9907893119184
2024-01-26 08:00:00+00:00,106.73873672730805,107.29977035415936,106.73873672730805,107.14548354959106,2075.272884325657
2024-01-26 09:00:00+00:00,107.14548354959106,107.44493763238019,106.95821526605381,107.20626067294891,1386.0222143575725
2024-01-26 10:00:00+00:00,107.20626067294891,107.25863414748493,106.50747727983462,106.67165074529792,3288.1588494809594
2024-01-26 11:00:00+00:00,106.67165074529792,106.95119842084549,106.02594179680487,106.02594179680487,2165.0493166056444
2024-01-26 12:00:00+00:00,106.02594179680487,107.01829877910333,105.83391593626472,107.01829877910333,2600.3804443852564
2024-01-26 13:00:00+00:00,107.01829877910333,107.01829877910333,105.87633704726099,106.01962109889222,5452.514977555594
2024-01-26 14:00:00+00:00,106.01962109889222,106.71820830394793,105.87941773693191,105.87941773693191,1541.5381803533894
2024-01-26 15:00:00+00:00,105.87941773693191,107.72091674247149,105.77308890506471,107.24118416325452,3951.4831738648104
2024-01-26 16:00:00+00:00,107.24118416325452,108.80122852477552,107.12348192468599,108.80122852477552,5365.484219094532
2024-01-26 17:00:00+00:00,108.80122852477552,110.21542602559238,108.80122852477552,110.21542602559238,3272.9793293601406
2024-01-26 18:00:00+00:00,110.21542602559238,110.21542602559238,109.67940759203368,109.9422930965326,4237.029758908192
2024-01-26 19:00:00+00:00,109.9422930965326,109.9422930965326,108.81533753244334,108.81533753244334,5193.476715376679
2024-01-26 20:00:00+00:00,108.81533753244334,109.10008158079351,108.23818506252923,109.10008158079351,2518.35387434049
2024-01-26 21:00:00+00:00,109.10008158079351,110.36734264208093,108.96714976509313,110.36734264208093,2118.341443949536
2024-01-26 22:00:00+00:00,110.36734264208093,110.67418223198307,109.12393357188415,109.12393357188415,3429.9778938165464
2024-01-26 23:00:00+00:00,109.12393357188415,109.17577569278258,108.84072507294708,109.09373429443929,2001.7046711479577
2024-01-27 00:00:00+00:00,109.09373429443929,109.35395542486809,108.76057739143947,109.35395542486809,2283.561207146496
2024-01-27 01:00:00+00:00,109.35395542486809,109.51464690008994,108.82442924740684,109.51464690008994,3468.331631397388
2024-01-27 02:00:00+00:00,109.51464690008994,109.51464690008994,108.79031389145919,108.79031389145919,3231.1532341786956
2024-01-27 03:00:00+00:00,108.79031389145919,108.99190608233324,108.32035838718242,108.75941900204663,1758.90648089272
2024-01-27 04:00:00+00:00,108.75941900204663,108.75941900204663,107.83166355466014,108.25077397125536,5300.67163876463
2024-01-27 05:00:00+00:00,108.25077397125536,109.21600713395482,108.18994046251349,109.21600713395482,1279.4157021461317
2024-01-27 06:00:00+00:00,109.21600713395482,109.21600713395482,108.64646850606185,109.13761923943666,2997.6919296762294
2024-01-27 07:00:00+00:00,109.13761923943666,109.29312123408127,108.34635156095854,108.34635156095854,3295.6476259724263
2024-01-27 08:00:00+00:00,108.34635156095854,108.39187411528565,108.04195848741041,108.3137886175439,4755.9732315410665
2024-01-27 09:00:00+00:00,108.3137886175439,108.3137886175439,107.74097699017365,108.17753873758625,2426.4203031602447
2024-01-27 10:00:00+00:00,108.17753873758625,108.56384094509353,107.88969518079752,107.88969518079752,2028.9048382795158
2024-01-27 11:00:00+00:00,107.88969518079752,108.66786517185922,107.68423989178298,107.72156625707224,3791.060032545153
2024-01-27 12:00:00+00:00,107.72156625707224,108.75218154195716,107.52764749967332,108.35506374519922,4446.562425508074
2024-01-27 13:00:00+00:00,108.35506374519922,108.35506374519922,107.6487822004126,107.6487822004126,5775.550234508567
2024-01-27 14:00:00+00:00,107.6487822004126,108.15372268941782,107.6487822004126,107.87233157098247,3678.614542213207
2024-01-27 15:00:00+00:00,107.87233157098247,108.18016915650132,106.89932619412951,106.89932619412951,5934.5061075967
2024-01-27 16:00:00+00:00,106.89932619412951,107.46506353734134,106.8704175361947,107.09238517480222,3909.5039080747115
2024-01-27 17:00:00+00:00,107.09238517480222,107.52591996975808,106.11478183027339,106.13582917218314,1920.170316090776
2024-01-27 18:00:00+00:00,106.13582917218314,106.43656351495136,105.8712425214888,106.43656351495136,1613.486373591761
2024-01-27 19:00:00+00:00,106.43656351495136,106.59642317101995,106.03527600811802,106.03527600811802,6731.336101722273
2024-01-27 20:00:00+00:00,106.03527600811802,106.92670925215899,106.03527600811802,106.92670925215899,1588.2838356990303
2024-01-27 21:00:00+00:00,106.92670925215899,106.92670925215899,105.98002301402249,106.19148728596417,3536.9956873528795
2024-01-27 22:00:00+00:00,106.19148728596417,106.58620254426602,106.19148728596417,106.23073630650238,1638.9614737140541
2024-01-27 23:00:00+00:00,106.23073630650238,106.2499752242782,105.28182873468215,105.28182873468215,2652.881879601616
2024-01-28 00:00:00+00:00,105.28182873468215,105.57767375342205,105.1856527386286,105.28891117008702,1401.2257362467396
2024-01-28 01:00:00+00:00,105.28891117008702,105.61594953349922,105.20532933185501,105.40521164800836,6409.55662835497
2024-01-28 02:00:00+00:00,105.40521164800836,105.45326166182993,104.6866999274262,104.6866999274262,3335.0273752243343
2024-01-28 03:00:00+00:00,104.6866999274262,104.6866999274262,103.78897404873344,104.0980558339761,10562.204566636612
2024-01-28 04:00:00+00:00,104.0980558339761,107.22032129169732,104.0980558339761,107.22032129169732,4212.268541369568
2024-01-28 05:00:00+00:00,107.22032129169732,107.22032129169732,106.28704617558837,106.68134804073739,4123.776458780798
2024-01-28 06:00:00+00:00,106.68134804073739,106.68134804073739,106.1133445424091,106.1133445424091,4303.865035290032
2024-01-28 07:00:00+00:00,106.1133445424091,106.1133445424091,105.21371877282832,105.54513782520708,5314.471727497216
2024-01-28 08:00:00+00:00,105.54513782520708,106.11082317861523,105.5090803196858,105.5090803196858,6940.456620515733
2024-01-28 09:00:00+00:00,105.5090803196858,106.77558493422843,105.5090803196858,106.54830197018316,2520.8056592192615
2024-01-28 10:00:00+00:00,106.54830197018316,106.72393836591884,105.57551640900442,106.03101092099548,5089.939050227985
2024-01-28 11:00:00+00:00,106.03101092099548,107.12262270630158,106.03101092099548,107.12262270630158,4954.607381325584
2024-01-28 12:00:00+00:00,107.12262270630158,107.12262270630158,106.62366639775458,106.8214059739921,4106.269312896725
2024-01-28 13:00:00+00:00,106.8214059739921,107.0959405561213,106.27287676999278,106.61344397593177,3111.0607260775455
2024-01-28 14:00:00+00:00,106.61344397593177,106.90012239135527,106.41692321047238,106.74306149137249,3102.4765387889424
2024-01-28 15:00:00+00:00,106.74306149137249,106.74306149137249,105.36345347283438,105.36345347283438,4155.504801599994
2024-01-28 16:00:00+00:00,105.36345347283438,106.42196244797837,105.36345347283438,105.8094414490873,2956.6331631193843
2024-01-28 17:00:00+00:00,105.8094414490873,105.8094414490873,104.90495367400004,105.07600317835491,6163.8950245831675
2024-01-28 18:00:00+00:00,105.07600317835491,105.76265171040345,104.76322442927318,105.76265171040345,1753.4204701900455
2024-01-28 19:00:00+00:00,105.76265171040345,105.95487768133077,105.53387285788197,105.83507522088911,3890.928387251491
2024-01-28 20:00:00+00:00,105.83507522088911,105.83507522088911,104.7722283801707,104.7722283801707,1894.6088870593524
2024-01-28 21:00:00+00:00,104.7722283801707,105.52234030262618,104.7722283801707,105.50845203351358,2242.380614509864
2024-01-28 22:00:00+00:00,105.50845203351358,105.50845203351358,104.47217699885248,104.63391773995507,2821.763245555625
2024-01-28 23:00:00+00:00,104.63391773995507,104.90193765674626,104.35866061110104,104.73816260800275,2861.6530569731026
2024-01-29 00:00:00+00:00,104.73816260800275,104.73816260800275,104.39867080949827,104.70938586970556,2649.7966879700766
2024-01-29 01:00:00+00:00,104.70938586970556,104.77360398610178,104.1391540223748,104.63088207555029,2899.800999962371
2024-01-29 02:00:00+00:00,104.63088207555029,104.63088207555029,103.15392111209103,103.36040901452826,18285.026266816996
2024-01-29 03:00:00+00:00,103.36040901452826,103.36040901452826,102.39736115648402,102.83681284850927,1369.3791385737898
2024-01-29 04:00:00+00:00,102.83681284850927,103.74786903659927,102.62026199272587,103.74786903659927,2826.7482606708268
2024-01-29 05:00:00+00:00,103.74786903659927,103.97521823761667,103.19476422615493,103.39124645507795,3911.820939349715
2024-01-29 06:00:00+00:00,103.39124645507795,103.39124645507795,102.71705675655568,102.83104673447573,2187.6092131723544
2024-01-29 07:00:00+00:00,102.83104673447573,102.83104673447573,101.52267655777557,101.82445035019967,5811.092517104239
2024-01-29 08:00:00+00:00,101.82445035019967,102.5168176139372,101.82445035019967,102.5168176139372,2344.2312476886727
2024-01-29 09:00:00+00:00,102.5168176139372,102.5168176139372,101.76093685307774,102.36209863165072,2824.5973555654928
2024-01-29 10:00:00+00:00,102.36209863165072,102.90153141518581,101.9516650060006,102.8063611639743,1675.1024561341396
2024-01-29 11:00:00+00:00,102.8063611639743,103.70522383579876,102.8063611639743,103.36919266332096,3077.5801883352246
2024-01-29 12:00:00+00:00,103.36919266332096,103.76967876931282,103.24338925785152,103.24338925785152,2296.2752931784107
2024-01-29 13:00:00+00:00,103.24338925785152,103.86273963641517,103.23807422030698,103.60437741013,2025.3930566152972
2024-01-29 14:00:00+00:00,103.60437741013,103.60437741013,102.34812649476544,102.45234109147805,3177.1225014694455
2024-01-29 15:00:00+00:00,102.45234109147805,102.45234109147805,101.95221715002431,102.15012815082528,4021.9042261120203
2024-01-29 16:00:00+00:00,102.15012815082528,102.77873604455944,102.15012815082528,102.76418984669526,3291.9793813082993
2024-01-29 17:00:00+00:00,102.76418984669526,103.29870921427887,102.73842688225281,102.984681664804,1044.578052777727
2024-01-29 18:00:00+00:00,102.984681664804,103.64938640091283,102.52347533810227,103.64938640091283,2604.143003888655
2024-01-29 19:00:00+00:00,103.64938640091283,103.64938640091283,102.99418735316645,102.99418735316645,4731.507896113352
2024-01-29 20:00:00+00:00,102.99418735316645,103.64146172619851,102.93015208990009,102.93015208990009,1392.6963401599355
2024-01-29 21:00:00+00:00,102.93015208990009,103.93182709277357,102.71544851910421,103.78929763737868,4378.9925452228545
2024-01-29 22:00:00+00:00,103.78929763737868,104.39635833499996,103.47695687782371,104.2793273438252,1842.3130788895755
2024-01-29 23:00:00+00:00,104.2793273438252,104.53705247769729,103.49040284716418,103.49040284716418,2734.0320697354505
2024-01-30 00:00:00+00:00,103.49040284716418,103.90395540410277,103.45356532980367,103.80920130926627,6016.1264181424685
2024-01-30 01:00:00+00:00,103.80920130926627,103.80920130926627,103.04374449725071,103.04374449725071,7917.606003295353
2024-01-30 02:00:00+00:00,103.04374449725071,103.04374449725071,101.98941626831686,101.98941626831686,4314.338112410637
2024-01-30 03:00:00+00:00,101.98941626831686,103.22733629427141,101.98941626831686,103.07371888396216,2308.309295907878
2024-01-30 04:00:00+00:00,103.07371888396216,103.34116719604873,102.92650068567134,103.34116719604873,2028.1241108525157
2024-01-30 05:00:00+00:00,103.34116719604873,104.31595770167166,103.34116719604873,104.12262878404202,3969.192769978171
2024-01-30 06:00:00+00:00,104.12262878404202,104.89003828261431,103.98847552732221,104.7841142399363,7596.879251902244
2024-01-30 07:00:00+00:00,104.7841142399363,105.47328901884953,104.10774166712477,104.10774166712477,1590.2450500336988
2024-01-30 08:00:00+00:00,104.10774166712477,104.15069841850003,103.21514033709937,103.21514033709937,6510.732779516833
2024-01-30 09:00:00+00:00,103.21514033709937,103.60551106154549,103.10609454948961,103.10810566773863,1581.1947872783433
2024-01-30 10:00:00+00:00,103.10810566773863,103.32996775650885,102.84795487147353,103.32996775650885,2543.2594039800856
2024-01-30 11:00:00+00:00,103.32996775650885,104.1926181530719,103.32996775650885,104.1604720053628,5771.576306175596
2024-01-30 12:00:00+00:00,104.1604720053628,104.72786150136827,104.0924410227096,104.46072956773185,3827.1590918503207
2024-01-30 13:00:00+00:00,104.46072956773185,105.02777541779278,104.46072956773185,104.88095396531722,2054.1799091055173
2024-01-30 14:00:00+00:00,104.88095396531722,105.68101256016935,104.53607107355798,105.68101256016935,3982.111007459154
2024-01-30 15:00:00+00:00,105.68101256016935,105.68101256016935,104.44752526636596,104.59578720865069,7337.306798839505
2024-01-30 16:00:00+00:00,104.59578720865069,104.60532425585147,104.16586693230325,104.49246735459828,5772.4586140285055
2024-01-30 17:00:00+00:00,104.49246735459828,104.92609540336068,104.42129065614084,104.75564868310325,1914.9085859449158
2024-01-30 18:00:00+00:00,104.75564868310325,104.80358003115967,104.14995082916883,104.14995082916883,1273.5236672754902
2024-01-30 19:00:00+00:00,104.14995082916883,104.41843894238636,103.77417168460305,104.19443731512598,3508.5149920723534
2024-01-30 20:00:00+00:00,104.19443731512598,104.41737855480703,103.80718523360483,104.16156317148081,4860.438543819466
2024-01-30 21:00:00+00:00,104.16156317148081,104.18561282583659,103.49634199237356,104.18561282583659,2239.9898011191694
2024-01-30 22:00:00+00:00,104.18561282583659,104.18561282583659,103.67133564233677,103.94622365417706,5716.901153884759
2024-01-30 23:00:00+00:00,103.94622365417706,104.58022103206561,103.51736962442153,103.80289300368368,5569.576262291155
2024-01-31 00:00:00+00:00,103.80289300368368,104.50569185263382,103.63016011670267,104.31117253362571,4076.344875240498
2024-01-31 01:00:00+00:00,104.31117253362571,104.7199491656368,104.20049021623295,104.392135234795,6398.333004319795
2024-01-31 02:00:00+00:00,104.392135234795,104.90614440827484,104.33550456704624,104.70758051102662,2746.506370566339
2024-01-31 03:00:00+00:00,104.70758051102662,105.36724560594588,104.6942392995923,104.81938223527604,3636.627665252095
2024-01-31 04:00:00+00:00,104.81938223527604,105.90710325589593,104.81938223527604,105.8536910368128,2862.6989008576593
2024-01-31 05:00:00+00:00,105.8536910368128,106.17552771493102,105.48439537265037,106.17552771493102,7472.084339226457
2024-01-31 06:00:00+00:00,106.17552771493102,106.17552771493102,105.75358996026812,105.75358996026812,2132.132982500557
2024-01-31 07:00:00+00:00,105.75358996026812,106.90114312673465,105.75358996026812,106.90114312673465,1986.7608285740305
2024-01-31 08:00:00+00:00,106.90114312673465,107.08655901097951,106.6474633428357,107.08655901097951,2161.047857336954
2024-01-31 09:00:00+00:00,107.08655901097951,107.29629384380108,106.8206571323863,107.21629042361761,5339.200631458539
2024-01-31 10:00:00+00:00,107.21629042361761,107.58327908430483,107.21629042361761,107.22480944613457,5064.421915864176
2024-01-31 11:00:00+00:00,107.22480944613457,107.273211209795,106.99580028978158,107.16343950229687,5345.427665496402
2024-01-31 12:00:00+00:00,107.16343950229687,107.16343950229687,105.87458489067967,105.87458489067967,2214.159913347804
2024-01-31 13:00:00+00:00,105.87458489067967,107.22536955174655,105.81456130455823,107.22536955174655,1118.9680660164381
2024-01-31 14:00:00+00:00,107.22536955174655,107.35254694383133,106.5258317951956,106.85525345273165,4055.3037486324847
2024-01-31 15:00:00+00:00,106.85525345273165,107.40466827732314,106.31253506347323,107.40466827732314,2588.0014889915133
2024-01-31 16:00:00+00:00,107.40466827732314,107.40466827732314,106.63520381778439,106.96364756765509,594.8519503173338
2024-01-31 17:00:00+00:00,106.96364756765509,107.13266698729092,106.19904562581975,106.41177744617428,2193.201799332621
2024-01-31 18:00:00+00:00,106.41177744617428,107.34754538351338,106.30949838573594,107.34754538351338,5263.96798097405
2024-01-31 19:00:00+00:00,107.34754538351338,107.8913054493414,107.19351715195049,107.5999717107338,4449.929746706158
2024-01-31 20:00:00+00:00,107.5999717107338,107.5999717107338,106.30898211387132,106.30898211387132,2891.3087141714173
2024-01-31 21:00:00+00:00,106.30898211387132,106.34165287089185,105.85260729823952,106.27198857684394,3784.253021210242
2024-01-31 22:00:00+00:00,106.27198857684394,106.51367623776255,105.9610859360241,106.49665828224735,3913.4759204429142
2024-01-31 23:00:00+00:00,106.49665828224735,106.95212716839362,106.2165675742628,106.29072417480177,1346.1514744765163
2024-02-01 00:00:00+00:00,106.29072417480177,107.76720816853398,106.29072417480177,107.58670373601466,2590.6792120141818
2024-02-01 01:00:00+00:00,107.58670373601466,107.79219867127622,106.26565917399755,106.26565917399755,1962.1796283869112
2024-02-01 02:00:00+00:00,106.26565917399755,107.19794578169383,105.98445854034621,107.05968769255088,4071.6791162943905
2024-02-01 03:00:00+00:00,107.05968769255088,107.51636661781846,106.22070585280274,106.5211234233838,3141.7555899983686
2024-02-01 04:00:00+00:00,106.5211234233838,106.5211234233838,105.62442665910329,105.6874142957177,5126.947418027148
2024-02-01 05:00:00+00:00,105.6874142957177,106.48229931321085,105.6874142957177,106.48229931321085,4093.1975840462283
2024-02-01 06:00:00+00:00,106.48229931321085,107.30603865320568,106.34284058495258,107.30603865320568,2416.5001678137214
2024-02-01 07:00:00+00:00,107.30603865320568,107.57026928053567,106.73131030506225,107.57026928053567,1871.3751806922844
2024-02-01 08:00:00+00:00,107.57026928053567,107.81353594745599,107.33259302637367,107.33259302637367,5449.149157461962
2024-02-01 09:00:00+00:00,107.33259302637367,107.37467510972604,106.21542078709257,106.21542078709257,1577.0773420193052
2024-02-01 10:00:00+00:00,106.21542078709257,106.75202081220397,106.08475097293424,106.75202081220397,5890.37420570749
2024-02-01 11:00:00+00:00,106.75202081220397,106.83888552207935,105.59488309070605,106.07937306908154,5306.977424812321
2024-02-01 12:00:00+00:00,106.07937306908154,106.7756351545627,106.07937306908154,106.59151210542055,2616.972017473171
2024-02-01 13:00:00+00:00,106.59151210542055,107.11335234566644,106.2851088893418,107.11335234566644,3940.9577049406753
2024-02-01 14:00:00+00:00,107.11335234566644,107.2731662980593,106.57177338069208,106.61823571417497,2658.971428538022
2024-02-01 15:00:00+00:00,106.61823571417497,106.67122224139399,105.77547272309508,105.77547272309508,1467.9949890047951
2024-02-01 16:00:00+00:00,105.77547272309508,105.78082297426616,104.97745155655659,104.97745155655659,2013.9544965626678
2024-02-01 17:00:00+00:00,104.97745155655659,104.97745155655659,104.1522034281756,104.42944223058906,2577.863556262013
2024-02-01 18:00:00+00:00,104.42944223058906,105.57342921808215,104.37506480402017,105.57342921808215,4229.367569229735
2024-02-01 19:00:00+00:00,105.57342921808215,107.18451849254274,105.57342921808215,107.18451849254274,3118.159788350487
2024-02-01 20:00:00+00:00,107.18451849254274,107.62315879401548,107.09343520191474,107.16555659499014,1219.645807188901
2024-02-01 21:00:00+00:00,107.16555659499014,107.16555659499014,106.30430467067359,106.5861870182342,2236.44628173005
2024-02-01 22:00:00+00:00,106.5861870182342,107.1574927631944,106.5861870182342,107.1574927631944,2051.915401399885
2024-02-01 23:00:00+00:00,107.1574927631944,107.18778892367277,106.91337240284093,107.11613517252492,1747.5505657170163
2024-02-02 00:00:00+00:00,107.11613517252492,107.11613517252492,106.73638089045727,106.73638089045727,2901.2573549953795
2024-02-02 01:00:00+00:00,106.73638089045727,106.73638089045727,105.81291701364175,105.81291701364175,4457.948141254667
2024-02-02 02:00:00+00:00,105.81291701364175,105.81291701364175,105.17595884868157,105.25146290514756,2479.229058946668
2024-02-02 03:00:00+00:00,105.25146290514756,105.71386562468813,105.23376825973665,105.71386562468813,1831.6368521474294
2024-02-02 04:00:00+00:00,105.71386562468813,105.81765782215457,105.21164435994051,105.72468014933142,3066.4324545300133
2024-02-02 05:00:00+00:00,105.72468014933142,105.7308137200036,104.83619602850827,105.39252155609377,2531.196809731552
2024-02-02 06:00:00+00:00,105.39252155609377,105.81939220837667,105.13984892979754,105.43288444507562,1543.3205701658146
2024-02-02 07:00:00+00:00,105.43288444507562,105.92223042269121,105.06585755879047,105.66699556213734,4186.517333968022
2024-02-02 08:00:00+00:00,105.66699556213734,106.29602230699182,105.66699556213734,105.77918306024435,2827.7425763543015
2024-02-02 09:00:00+00:00,105.77918306024435,106.00433670853391,105.54562572197082,105.54562572197082,3941.854673613082
2024-02-02 10:00:00+00:00,105.54562572197082,105.83073439408521,105.48886027178979,105.50337826311495,3029.719626019689
2024-02-02 11:00:00+00:00,105.50337826311495,105.53709032982917,104.99764880429137,105.17045730935082,5359.410763315492
2024-02-02 12:00:00+00:00,105.17045730935082,105.87496583105508,105.17045730935082,105.8611517180778,5072.138069090879
2024-02-02 13:00:00+00:00,105.8611517180778,105.8611517180778,105.0264036607281,105.0264036607281,1723.475050436507
2024-02-02 14:00:00+00:00,105.0264036607281,105.5571730255833,104.4059232913835,105.5571730255833,1298.3090406058816
2024-02-02 15:00:00+00:00,105.5571730255833,106.30891047556624,105.47068782091917,105.93386433108846,1543.6732157565377
2024-02-02 16:00:00+00:00,105.93386433108846,106.16615356921581,105.75440494396636,105.75440494396636,7406.57404331931
2024-02-02 17:00:00+00:00,105.75440494396636,106.71012530388118,105.32649100430476,106.71012530388118,3199.879870607786
2024-02-02 18:00:00+00:00,106.71012530388118,106.98487234163986,106.53132794616488,106.53132794616488,2766.8911568309786
2024-02-02 19:00:00+00:00,106.53132794616488,107.82147551355307,106.53132794616488,107.49853740699182,2960.8553171383364
2024-02-02 20:00:00+00:00,107.49853740699182,107.89151456203766,107.33572101157932,107.81423546943057,2056.1986514464847
2024-02-02 21:00:00+00:00,107.81423546943057,108.43947212766051,107.44794835292049,107.44794835292049,5415.0372600937035
2024-02-02 22:00:00+00:00,107.44794835292049,108.18245730542877,107.00124993491328,107.05050129794543,2504.5031608175796
2024-02-02 23:00:00+00:00,107.05050129794543,107.05050129794543,106.16241356732671,106.56996085338292,2156.7215266781745
2024-02-03 00:00:00+00:00,106.56996085338292,108.27223461050629,106.56996085338292,108.02020125486963,2341.5791645629747
2024-02-03 01:00:00+00:00,108.02020125486963,108.23634798095944,107.09169832430784,107.09169832430784,11825.909562633535
2024-02-03 02:00:00+00:00,107.09169832430784,107.09169832430784,106.15727791109161,106.26568163205773,4675.619695169101
2024-02-03 03:00:00+00:00,106.26568163205773,106.26568163205773,104.46414373562237,104.46414373562237,878.6039165649114
2024-02-03 04:00:00+00:00,104.46414373562237,104.5742772768757,103.89039556760945,104.03517538777149,2783.7958796475136
2024-02-03 05:00:00+00:00,104.03517538777149,104.27290590440894,103.85054913169496,104.2717308518841,4492.939521475837
2024-02-03 06:00:00+00:00,104.2717308518841,104.50403397879718,103.84794945352172,104.50403397879718,1516.2724588308752
2024-02-03 07:00:00+00:00,104.50403397879718,104.66394974981512,104.17862038732189,104.66394974981512,7800.825646241873
2024-02-03 08:00:00+00:00,104.66394974981512,105.94434397260622,104.61969424536517,105.91843119554909,4682.360624918987
2024-02-03 09:00:00+00:00,105.91843119554909,106.0162309757223,105.33222843171087,105.84247547969724,1336.872244872011
2024-02-03 10:00:00+00:00,105.84247547969724,106.12440530162452,104.92670714528012,105.13802778670558,4647.040151579831
2024-02-03 11:00:00+00:00,105.13802778670558,105.36273880978607,104.83124956613803,105.27996535482782,5866.4284603979095
2024-02-03 12:00:00+00:00,105.27996535482782,105.35914745711673,103.89655944421361,103.89655944421361,2831.145363147323
2024-02-03 13:00:00+00:00,103.89655944421361,104.50094138165117,103.85927977229744,103.8717305698681,2143.835186963197
2024-02-03 14:00:00+00:00,103.8717305698681,105.80316595668789,103.8717305698681,105.4964633705746,1054.8581115857874
2024-02-03 15:00:00+00:00,105.4964633705746,105.56979056179557,105.08755829882924,105.35367928433185,3043.1433836643246
2024-02-03 16:00:00+00:00,105.35367928433185,105.78116364068703,105.18595566568077,105.48324672177357,5366.9236942662965
2024-02-03 17:00:00+00:00,105.48324672177357,105.68079195649649,104.9616780686383,105.26545820892201,1030.5272367247383
2024-02-03 18:00:00+00:00,105.26545820892201,106.12938056595038,105.23592147026777,106.12938056595038,3039.3956267564276
2024-02-03 19:00:00+00:00,106.12938056595038,106.95611713437081,106.12938056595038,106.77141901667149,1085.9368648481818
2024-02-03 20:00:00+00:00,106.77141901667149,107.30590205290903,106.68210482172555,107.00348313387818,1687.9857848746876
2024-02-03 21:00:00+00:00,107.00348313387818,107.61521443073836,107.00348313387818,107.61151180876443,2168.385758653333
2024-02-03 22:00:00+00:00,107.61151180876443,107.69243960246048,107.08967218100368,107.69243960246048,1012.8780266777983
2024-02-03 23:00:00+00:00,107.69243960246048,108.36981406959187,107.69243960246048,108.08352060676745,1431.539540049998
2024-02-04 00:00:00+00:00,108.08352060676745,108.08352060676745,107.60826427529733,107.60826427529733,2927.2625890595828
2024-02-04 01:00:00+00:00,107.60826427529733,108.41351962628873,107.58302032164507,107.58302032164507,3277.9427684365614
2024-02-04 02:00:00+00:00,107.58302032164507,107.58302032164507,106.89541454299014,106.89541454299014,2140.1446049854976
2024-02-04 03:00:00+00:00,106.89541454299014,108.34386833696928,106.89541454299014,108.34386833696928,4519.043797723083
2024-02-04 04:00:00+00:00,108.34386833696928,108.55779998808684,106.92221077441228,107.45253047068145,2549.7722717571214
2024-02-04 05:00:00+00:00,107.45253047068145,107.45253047068145,106.355707415607,106.81526131745643,4227.160334312818
2024-02-04 06:00:00+00:00,106.81526131745643,106.83040254941838,106.01305994856445,106.32791905590209,2084.579786877306
2024-02-04 07:00:00+00:00,106.32791905590209,106.77543319440372,106.11494694786518,106.58481218376261,1511.5884862812393
2024-02-04 08:00:00+00:00,106.58481218376261,106.71135782536541,106.15072754348039,106.15072754348039,1723.1856410827602
2024-02-04 09:00:00+00:00,106.15072754348039,107.41629733782152,106.15072754348039,107.29042721730801,4603.657950625262
2024-02-04 10:00:00+00:00,107.29042721730801,108.08358918049319,107.05713140731577,108.08358918049319,2778.5260990223746
2024-02-04 11:00:00+00:00,108.08358918049319,108.08358918049319,107.58358761236501,107.58358761236501,1610.757558085825
2024-02-04 12:00:00+00:00,107.58358761236501,107.94418490347282,107.58358761236501,107.65401543499185,1573.1282347900728
2024-02-04 13:00:00+00:00,107.65401543499185,107.76925113053383,106.74071386301209,106.87143483603127,6401.970912856028
2024-02-04 14:00:00+00:00,106.87143483603127,106.87143483603127,106.42876385885322,106.78681624108879,1080.6278960144787
2024-02-04 15:00:00+00:00,106.78681624108879,107.0214160835351,106.00688610660804,106.24601121800332,5398.324783844996
2024-02-04 16:00:00+00:00,106.24601121800332,106.85280029578384,106.24601121800332,106.85280029578384,4275.804414359058
2024-02-04 17:00:00+00:00,106.85280029578384,106.85280029578384,106.19544270494337,106.19544270494337,1295.2408825894604
2024-02-04 18:00:00+00:00,106.19544270494337,106.38026392315994,105.08661549384544,105.09533070841792,4080.8791984803383
2024-02-04 19:00:00+00:00,105.09533070841792,106.12405657190627,105.09533070841792,105.4821408961701,2570.900109518028
2024-02-04 20:00:00+00:00,105.4821408961701,105.4821408961701,104.47354161031845,104.79906638233007,2286.2605093519837
2024-02-04 21:00:00+00:00,104.79906638233007,105.71209363267172,104.59303331004496,105.71209363267172,2828.6053409648366
2024-02-04 22:00:00+00:00,105.71209363267172,105.77339252688664,105.49898893534002,105.49898893534002,1664.966392962225
2024-02-04 23:00:00+00:00,105.49898893534002,105.49898893534002,104.25353439609165,104.65490228698206,1838.3151627681582
2024-02-05 00:00:00+00:00,104.65490228698206,105.40657166150858,104.65490228698206,105.40657166150858,3178.7875249659373
2024-02-05 01:00:00+00:00,105.40657166150858,106.42793463250948,105.192893198465,106.42793463250948,2410.3649925946297
2024-02-05 02:00:00+00:00,106.42793463250948,107.21942691799006,106.42793463250948,107.21942691799006,2301.442696343288
2024-02-05 03:00:00+00:00,107.21942691799006,108.37441789897284,107.21942691799006,108.37441789897284,1601.8874822607165
2024-02-05 04:00:00+00:00,108.37441789897284,108.80382170288371,108.05121121641429,108.80382170288371,5811.544909830663
2024-02-05 05:00:00+00:00,108.80382170288371,108.80382170288371,107.71916444444423,108.21157128004796,2152.244877607454
2024-02-05 06:00:00+00:00,108.21157128004796,108.79631956857304,108.2061286079039,108.33717009020383,1775.1761193909324
2024-02-05 07:00:00+00:00,108.33717009020383,109.6900006726505,108.33717009020383,109.1279155108274,1728.3703941745136
2024-02-05 08:00:00+00:00,109.1279155108274,109.84579472200123,109.1279155108274,109.72941905339758,4651.429170308871
2024-02-05 09:00:00+00:00,109.72941905339758,109.98010875632077,109.34316683946594,109.49400990886063,2066.9989853140664
2024-02-05 10:00:00+00:00,109.49400990886063,110.21455084908045,109.49400990886063,109.8736092094365,2365.597703284483
2024-02-05 11:00:00+00:00,109.8736092094365,110.69560410516524,109.74338874789505,110.65511759845897,2623.1603832894752
2024-02-05 12:00:00+00:00,110.65511759845897,111.44704783227691,110.65511759845897,111.44704783227691,2669.718304631262
2024-02-05 13:00:00+00:00,111.44704783227691,111.72149235624029,110.9894809990362,111.72149235624029,3886.8550245897013
2024-02-05 14:00:00+00:00,111.72149235624029,111.72149235624029,110.30754672978198,110.74696545543803,1688.401659996771
2024-02-05 15:00:00+00:00,110.74696545543803,111.13594923248212,110.15734592235631,111.13594923248212,4149.414194168296
2024-02-05 16:00:00+00:00,111.13594923248212,111.42512215687356,110.69716910017493,111.30875083765426,1946.3374984670259
2024-02-05 17:00:00+00:00,111.30875083765426,112.41281424661626,111.24232932184937,112.32953964711919,1700.9119502461529
2024-02-05 18:00:00+00:00,112.32953964711919,112.32953964711919,111.67337166779835,112.17755760498551,3052.4647829408564
2024-02-05 19:00:00+00:00,112.17755760498551,112.71681027981427,112.06930814631656,112.71681027981427,1521.699136962227
2024-02-05 20:00:00+00:00,112.71681027981427,112.71681027981427,111.68168782213907,111.68168782213907,2252.041855004179
2024-02-05 21:00:00+00:00,111.68168782213907,112.29866677883298,111.44201394537494,112.05190988702242,3062.6450885398717
2024-02-05 22:00:00+00:00,112.05190988702242,113.86493092380832,112.05190988702242,113.86493092380832,3872.745709832735
2024-02-05 23:00:00+00:00,113.86493092380832,114.53105137860885,113.56782298681948,114.53105137860885,2498.710047205401
2024-02-06 00:00:00+00:00,114.53105137860885,114.53105137860885,113.79100140980866,114.04489154875921,1144.4273721945042
2024-02-06 01:00:00+00:00,114.04489154875921,115.37982273832327,114.04489154875921,114.80655703837623,1543.5345674254706
2024-02-06 02:00:00+00:00,114.80655703837623,116.15271040612251,114.80655703837623,116.15271040612251,3562.9663051640196
2024-02-06 03:00:00+00:00,116.15271040612251,116.15271040612251,115.27813436229883,115.27813436229883,2943.2720090245457
2024-02-06 04:00:00+00:00,115.27813436229883,115.27813436229883,114.45721606920218,115.13769374176748,3235.065399314949
2024-02-06 05:00:00+00:00,115.13769374176748,115.92030587263304,114.61365612703565,114.61365612703565,3740.979641619693
2024-02-06 06:00:00+00:00,114.61365612703565,114.81188362640275,113.80617568134299,114.4227147302415,2070.0117286275295
2024-02-06 07:00:00+00:00,114.4227147302415,114.58367491498186,114.11669371122775,114.56009526716365,3638.621152906632
2024-02-06 08:00:00+00:00,114.56009526716365,115.09660409256416,114.25542103405591,114.25542103405591,2559.5146393086648
2024-02-06 09:00:00+00:00,114.25542103405591,114.52010256001071,113.56005444197855,113.56005444197855,7122.3358811252065
2024-02-06 10:00:00+00:00,113.56005444197855,114.2945128558388,113.26914628321506,113.74517055989354,2063.531350420224
2024-02-06 11:00:00+00:00,113.74517055989354,115.33660707098764,113.71095597548444,115.33660707098764,2265.683091547716
2024-02-06 12:00:00+00:00,115.33660707098764,116.09971419249463,115.00124977336245,115.93553766022758,6066.873212960109
2024-02-06 13:00:00+00:00,115.93553766022758,116.08772799030243,115.00929317556462,115.00929317556462,4020.7981772753
2024-02-06 14:00:00+00:00,115.00929317556462,116.59334867863569,114.99104854244965,116.59334867863569,2434.1050048739808
2024-02-06 15:00:00+00:00,116.59334867863569,117.56225047838265,116.50682642656632,117.41819388034605,2332.0559227355584
2024-02-06 16:00:00+00:00,117.41819388034605,117.90323468684487,117.38449443418038,117.55416543429375,3600.4039932516603
2024-02-06 17:00:00+00:00,117.55416543429375,117.9059927887972,117.24694703621711,117.24694703621711,3053.0474321309316
2024-02-06 18:00:00+00:00,117.24694703621711,118.66881964222128,117.1434680102784,118.66881964222128,1917.1531068533588
2024-02-06 19:00:00+00:00,118.66881964222128,118.7172266325224,118.16080255482672,118.7172266325224,1569.12248860575
2024-02-06 20:00:00+00:00,118.7172266325224,119.57279129203582,118.7172266325224,119.57279129203582,4517.435347532835
2024-02-06 21:00:00+00:00,119.57279129203582,119.78019639264843,119.32396997505529,119.59222294699006,1766.804564316533
2024-02-06 22:00:00+00:00,119.59222294699006,119.59222294699006,119.01996631628437,119.03140975155004,2285.8220734301512
2024-02-06 23:00:00+00:00,119.03140975155004,121.03174713273573,119.03140975155004,120.84940243073093,2257.9141164350394
2024-02-07 00:00:00+00:00,120.84940243073093,121.34562644619686,120.84940243073093,120.99799703167785,5976.597160002383
2024-02-07 01:00:00+00:00,120.99799703167785,121.56490514962039,120.99799703167785,121.43054995590278,4105.364644961467
2024-02-07 02:00:00+00:00,121.43054995590278,122.44530885205366,121.43054995590278,121.88409917443948,1381.8993304505118
2024-02-07 03:00:00+00:00,121.88409917443948,122.31354992179388,121.54330889078052,122.2207231571279,2751.773787956321
2024-02-07 04:00:00+00:00,122.2207231571279,123.01915293068228,122.2207231571279,122.75719429210926,2625.2109746354654
2024-02-07 05:00:00+00:00,122.75719429210926,122.81350846136398,121.98119553182529,121.98119553182529,3581.1518775137083
2024-02-07 06:00:00+00:00,121.98119553182529,121.98119553182529,120.47677730675599,120.47677730675599,1936.9672356759947
2024-02-07 07:00:00+00:00,120.47677730675599,120.75880291463915,119.85126062668984,120.60641731163825,3616.3134207684498
2024-02-07 08:00:00+00:00,120.60641731163825,120.6586164784314,119.74765599616582,119.9903758567458,7813.976717004862
2024-02-07 09:00:00+00:00,119.9903758567458,120.77268692198646,119.97743368832352,120.77268692198646,3600.5928677983416
2024-02-07 10:00:00+00:00,120.77268692198646,120.9741523921536,120.26865877658429,120.26865877658429,3255.649570585586
2024-02-07 11:00:00+00:00,120.26865877658429,120.26865877658429,119.81143583317574,120.00351627979973,3791.130415944294
2024-02-07 12:00:00+00:00,120.00351627979973,120.06642274950805,118.71488417178786,119.21610731050394,3853.5511264401403
2024-02-07 13:00:00+00:00,119.21610731050394,119.43299336690139,118.10957307079586,118.20217891659588,6475.0646322565835
2024-02-07 14:00:00+00:00,118.20217891659588,118.20912579602243,117.66572472168492,118.0172206172831,1199.568342570138
2024-02-07 15:00:00+00:00,118.0172206172831,118.02779407714311,117.72746122530262,118.00422442396992,1285.6790174398084
2024-02-07 16:00:00+00:00,118.00422442396992,119.22750763090396,118.00422442396992,119.22750763090396,2616.946932385393
2024-02-07 17:00:00+00:00,119.22750763090396,119.66380966182822,118.95191001186689,119.22202670498612,2255.6752380766993
2024-02-07 18:00:00+00:00,119.22202670498612,119.4017596747046,118.14587698683442,118.14587698683442,4612.719309165933
2024-02-07 19:00:00+00:00,118.14587698683442,118.14587698683442,117.3526370387896,117.3526370387896,8492.510420024957
2024-02-07 20:00:00+00:00,117.3526370387896,117.9566074886085,117.11709658593023,117.86783116882276,1639.5352813342215
2024-02-07 21:00:00+00:00,117.86783116882276,118.17230206136252,117.64088285271144,117.65927767991107,1809.4880987449167
2024-02-07 22:00:00+00:00,117.65927767991107,118.02168405354865,117.65927767991107,117.8659623815436,4075.178845687212
2024-02-07 23:00:00+00:00,117.8659623815436,119.53520923565455,117.62579577309164,119.53520923565455,2122.0744593967906
2024-02-08 00:00:00+00:00,119.53520923565455,119.66398310081608,118.37115627798514,119.13210931101716,6457.586544941983
2024-02-08 01:00:00+00:00,119.13210931101716,119.58517579608622,118.9358722473754,119.23877188867942,2591.5435026014156
2024-02-08 02:00:00+00:00,119.23877188867942,119.63953893385258,118.86300528522526,119.63953893385258,3939.1683276134077
2024-02-08 03:00:00+00:00,119.63953893385258,120.39086320194949,119.63953893385258,120.03597343175991,2929.45055387876
2024-02-08 04:00:00+00:00,120.03597343175991,121.40907158224584,120.03597343175991,121.17451390552813,2032.1202122715117
2024-02-08 05:00:00+00:00,121.17451390552813,121.85182271138636,121.15721388267164,121.584368590423,3341.1301966015412
2024-02-08 06:00:00+00:00,121.584368590423,121.584368590423,119.62124279340466,119.65090642902145,1269.415753120187
2024-02-08 07:00:00+00:00,119.65090642902145,120.5069385846206,119.21820283172117,120.5069385846206,1911.2164877045352
2024-02-08 08:00:00+00:00,120.5069385846206,120.57958973336899,120.14843261525574,120.26883956907244,1227.6418147177346
2024-02-08 09:00:00+00:00,120.26883956907244,120.48320386677888,119.79642204918757,120.48320386677888,3166.124019836382
2024-02-08 10:00:00+00:00,120.48320386677888,120.48320386677888,119.88846708631034,120.07479464639997,1630.5082007961385
2024-02-08 11:00:00+00:00,120.07479464639997,120.13023611393321,119.77630575099528,120.12801228616839,3919.0152440611128
2024-02-08 12:00:00+00:00,120.12801228616839,120.42288514749464,119.48212778630305,120.31574926993903,2989.177082465588
2024-02-08 13:00:00+00:00,120.31574926993903,121.68950182610058,120.31574926993903,121.68950182610058,3261.6168366170973
2024-02-08 14:00:00+00:00,121.68950182610058,122.65408068320585,121.68950182610058,122.63620231928743,5843.647267969666
2024-02-08 15:00:00+00:00,122.63620231928743,123.40892170474163,122.4402172035842,123.19351836477918,3117.0587636257383
2024-02-08 16:00:00+00:00,123.19351836477918,123.74726019003343,123.08139421455652,123.57400794221043,1619.1604414559552
2024-02-08 17:00:00+00:00,123.57400794221043,123.57400794221043,122.82033329584195,123.1650245443501,2464.7107684162693
2024-02-08 18:00:00+00:00,123.1650245443501,123.1650245443501,122.29813868971742,122.29813868971742,3854.834869983815
2024-02-08 19:00:00+00:00,122.29813868971742,123.56533771406207,122.13254826133755,123.35883186540468,3440.1200146376445
2024-02-08 20:00:00+00:00,123.35883186540468,124.58624332927585,123.35883186540468,123.55594857024104,1216.567593906513
2024-02-08 21:00:00+00:00,123.55594857024104,125.02123868910003,123.23505970344418,124.8693474934415,3299.661881226493
2024-02-08 22:00:00+00:00,124.8693474934415,125.58957467009644,124.58420869983586,124.58420869983586,3382.1175466739332
2024-02-08 23:00:00+00:00,124.58420869983586,124.92995559486528,123.55684254826019,123.58808068153178,2036.6156383403293
2024-02-09 00:00:00+00:00,123.58808068153178,123.58808068153178,122.56682646468586,122.56682646468586,3462.258919865056
2024-02-09 01:00:00+00:00,122.56682646468586,122.59813613911807,121.62203219603235,121.62203219603235,2200.976557207334
2024-02-09 02:00:00+00:00,121.62203219603235,122.18350950650029,121.46832464479903,122.18350950650029,3054.9073548484384
2024-02-09 03:00:00+00:00,122.18350950650029,123.00129387156382,122.18350950650029,122.38736889774871,5500.015560107237
2024-02-09 04:00:00+00:00,122.38736889774871,122.38736889774871,121.49822978440803,121.72601352028369,5029.643835426935
2024-02-09 05:00:00+00:00,121.72601352028369,123.09116036131485,121.72601352028369,123.09116036131485,3772.3563785364004
2024-02-09 06:00:00+00:00,123.09116036131485,123.63388782186122,123.09116036131485,123.46906469344319,2402.9436893520915
2024-02-09 07:00:00+00:00,123.46906469344319,123.82022805923224,122.96513175556599,123.34593865786988,2029.0507432502231
2024-02-09 08:00:00+00:00,123.34593865786988,123.34593865786988,122.4239626271016,122.42576614789537,2385.6872837464907
2024-02-09 09:00:00+00:00,122.42576614789537,122.42576614789537,120.9870118983229,120.9870118983229,2853.0523616026617
2024-02-09 10:00:00+00:00,120.9870118983229,121.25322060011855,120.65468741227896,121.25322060011855,2832.057051181528
2024-02-09 11:00:00+00:00,121.25322060011855,121.80153946299919,121.25322060011855,121.68919302827766,1959.5522393332544
2024-02-09 12:00:00+00:00,121.68919302827766,122.52001592094932,121.68919302827766,122.34905623107497,1417.445631151428
2024-02-09 13:00:00+00:00,122.34905623107497,123.41251683541984,122.34905623107497,123.41251683541984,1964.5073889090365
2024-02-09 14:00:00+00:00,123.41251683541984,123.46638663184712,122.33822495715626,122.39465156667193,2448.305216257981
2024-02-09 15:00:00+00:00,122.39465156667193,122.53797413573017,122.16798158796495,122.4119181135619,3097.0396646175727
2024-02-09 16:00:00+00:00,122.4119181135619,123.34805766312978,122.4119181135619,123.34805766312978,5530.734543368047
2024-02-09 17:00:00+00:00,123.34805766312978,123.34805766312978,122.02555331403872,122.04739811378897,1397.8087120038413
2024-02-09 18:00:00+00:00,122.04739811378897,123.59642695976612,122.04739811378897,123.22485481231332,9880.908626033763
2024-02-09 19:00:00+00:00,123.22485481231332,123.8570945859498,122.35322450034198,123.8570945859498,3415.2243247054316
2024-02-09 20:00:00+00:00,123.8570945859498,123.8933774859648,123.48843653461495,123.52314976258661,1872.5785993648483
2024-02-09 21:00:00+00:00,123.52314976258661,124.3827716243251,123.52314976258661,123.70872634657687,2535.2390255339783
2024-02-09 22:00:00+00:00,123.70872634657687,123.70872634657687,122.55580450396229,122.90833631463141,6198.3150270545
2024-02-09 23:00:00+00:00,122.90833631463141,123.05129282429785,122.90347672473231,122.96445157977726,3574.9962199466204
2024-02-10 00:00:00+00:00,122.96445157977726,122.96482640713835,121.78494423899939,122.27304962702719,3089.6127983740175
2024-02-10 01:00:00+00:00,122.27304962702719,122.56053244308154,121.51829346627203,122.4253458060829,2511.4595709344367
2024-02-10 02:00:00+00:00,122.4253458060829,123.19560513182859,122.2629272981437,123.16238370229827,4671.1071869884445
2024-02-10 03:00:00+00:00,123.16238370229827,123.31838572007428,122.735175488032,123.15965450061816,3281.4732641916385
2024-02-10 04:00:00+00:00,123.15965450061816,123.53279826475146,122.5876109855885,123.53279826475146,3791.942228444664
2024-02-10 05:00:00+00:00,123.53279826475146,123.74609403424338,122.53311083527777,122.94743911332607,5548.938237024858
2024-02-10 06:00:00+00:00,122.94743911332607,123.08081187579128,122.42255502945599,122.93108017950229,2428.7778181448143
2024-02-10 07:00:00+00:00,122.93108017950229,123.93147470636538,122.93108017950229,123.82624431794356,785.6774264999966
2024-02-10 08:00:00+00:00,123.82624431794356,124.6824387218752,123.7356408352277,123.7356408352277,1170.4924776965715
2024-02-10 09:00:00+00:00,123.7356408352277,123.78915770974419,122.97404576498006,122.97404576498006,2672.874998780971
2024-02-10 10:00:00+00:00,122.97404576498006,123.68370809915028,122.97404576498006,123.68370809915028,3780.2266194998633
2024-02-10 11:00:00+00:00,123.68370809915028,123.68370809915028,122.09819365171252,122.09819365171252,4144.19334311086
2024-02-10 12:00:00+00:00,122.09819365171252,122.09819365171252,121.05647391530273,121.55135777741796,3392.2954888057675
2024-02-10 13:00:00+00:00,121.55135777741796,122.72409622059519,121.401172076362,122.72409622059519,4158.702274133801
2024-02-10 14:00:00+00:00,122.72409622059519,122.86770850497396,122.09247885261966,122.26242872975943,5445.171292966899
2024-02-10 15:00:00+00:00,122.26242872975943,123.14478550616205,122.26242872975943,122.67514597660859,3184.0365935920927
2024-02-10 16:00:00+00:00,122.67514597660859,123.21611326261726,122.24660815521452,122.24660815521452,2250.9334444685114
2024-02-10 17:00:00+00:00,122.24660815521452,122.5577773165213,121.7569236042328,121.7569236042328,3742.03265658187
2024-02-10 18:00:00+00:00,121.7569236042328,121.75866598051525,121.0764391619426,121.2063940603082,3748.7687973723323
2024-02-10 19:00:00+00:00,121.2063940603082,121.29778438855583,120.27746607096115,120.27746607096115,6472.362691825166
2024-02-10 20:00:00+00:00,120.27746607096115,120.66788887423819,119.06777375347029,119.06777375347029,1595.3478264020766
2024-02-10 21:00:00+00:00,119.06777375347029,119.06777375347029,118.4947363595509,118.4947363595509,2120.084262698
2024-02-10 22:00:00+00:00,118.4947363595509,118.5655101145121,117.71298211607947,117.71298211607947,2640.9712418634504
2024-02-10 23:00:00+00:00,117.71298211607947,118.04138151657313,117.71298211607947,118.04138151657313,5120.966843187081
2024-02-11 00:00:00+00:00,118.04138151657313,118.31124640202687,116.7532081972585,116.7532081972585,7802.930991409495
2024-02-11 01:00:00+00:00,116.7532081972585,116.76261097373883,115.74730561298934,115.74730561298934,6168.526387564478
2024-02-11 02:00:00+00:00,115.74730561298934,116.36031903841562,115.44470654670211,115.99484424660953,1563.8245241630245
2024-02-11 03:00:00+00:00,115.99484424660953,117.1918077720307,115.53325715959345,117.1918077720307,2667.0561257817144
2024-02-11 04:00:00+00:00,117.1918077720307,117.61147411553304,116.31804336940397,117.46785843828997,919.7213712221655
2024-02-11 05:00:00+00:00,117.46785843828997,117.57061083930238,116.85753408422896,117.55335620634843,4195.636451484239
2024-02-11 06:00:00+00:00,117.55335620634843,117.55335620634843,116.79860550617167,117.15438742401281,10276.712331133753
2024-02-11 07:00:00+00:00,117.15438742401281,118.13534939352223,117.06133114406907,117.94341851875173,5157.442305492876
2024-02-11 08:00:00+00:00,117.94341851875173,118.479110416395,117.50616638239435,118.479110416395,1790.4144584807977
2024-02-11 09:00:00+00:00,118.479110416395,118.62431521446553,117.8634530257912,117.8634530257912,4061.694806855015
2024-02-11 10:00:00+00:00,117.8634530257912,118.29186784610681,117.63704034893446,118.24057427705038,2890.6388580828398
2024-02-11 11:00:00+00:00,118.24057427705038,119.04974539759372,118.24057427705038,119.04974539759372,3555.588748215966
2024-02-11 12:00:00+00:00,119.04974539759372,119.59026469338365,119.04974539759372,119.26844206466504,2704.693847221457
2024-02-11 13:00:00+00:00,119.26844206466504,120.29913576684837,119.26844206466504,120.20944017376907,3669.2838798904204
2024-02-11 14:00:00+00:00,120.20944017376907,120.39838332544561,119.869618363757,120.39838332544561,5291.013417112651
2024-02-11 15:00:00+00:00,120.39838332544561,121.16617244498352,120.34003697322574,120.99788762558029,8176.131867541964
2024-02-11 16:00:00+00:00,120.99788762558029,121.26626377231634,120.93433768479159,121.26626377231634,3280.72962168132
2024-02-11 17:00:00+00:00,121.26626377231634,122.00814230214094,120.82714610702591,122.00814230214094,3222.7909267430296
2024-02-11 18:00:00+00:00,122.00814230214094,122.00814230214094,121.31975795189119,121.82336677268833,3101.4878785627407
2024-02-11 19:00:00+00:00,121.82336677268833,122.03299437524805,120.88495876339188,120.88495876339188,5190.0120367452455
2024-02-11 20:00:00+00:00,120.88495876339188,120.88495876339188,119.81896850985362,120.04317019342896,2933.459873110583
2024-02-11 21:00:00+00:00,120.04317019342896,121.27321541747541,119.8259295170201,121.27321541747541,6963.7810737412265
2024-02-11 22:00:00+00:00,121.27321541747541,121.27321541747541,120.26652818963986,120.53444565459719,1915.521656579327
2024-02-11 23:00:00+00:00,120.53444565459719,120.53444565459719,119.11153320316569,119.11153320316569,4753.123824118184
2024-02-12 00:00:00+00:00,119.11153320316569,119.79732439829253,119.11153320316569,119.35830373074192,2148.449452239595
2024-02-12 01:00:00+00:00,119.35830373074192,119.35830373074192,117.65748325468716,117.65748325468716,4866.444916429206
2024-02-12 02:00:00+00:00,117.65748325468716,118.150324356224,117.38603279078897,117.38603279078897,5417.613743612117
2024-02-12 03:00:00+00:00,117.38603279078897,117.61300244116474,116.8802871079833,116.98130637173297,2576.045828996192
2024-02-12 04:00:00+00:00,116.98130637173297,117.9682673412071,116.86964659478978,117.9682673412071,1728.9455589309348
2024-02-12 05:00:00+00:00,117.9682673412071,118.64632771578823,117.7972722216479,118.39264964201658,5953.66929089892
2024-02-12 06:00:00+00:00,118.39264964201658,118.52838563289275,117.75054684198318,118.52838563289275,1266.198958171104
2024-02-12 07:00:00+00:00,118.52838563289275,119.78129520351524,118.52838563289275,119.78129520351524,3373.8905684717884
2024-02-12 08:00:00+00:00,119.78129520351524,120.05452812105733,119.56215535062299,120.02527359014884,4526.0267161162055
2024-02-12 09:00:00+00:00,120.02527359014884,120.0818068293734,119.3423927202657,119.95144680889499,6170.4608823471435
2024-02-12 10:00:00+00:00,119.95144680889499,120.10826993398996,119.75918067591282,120.09477806574075,3785.148286690009
2024-02-12 11:00:00+00:00,120.09477806574075,120.09477806574075,118.76926488733857,118.79166324765954,3421.5182612981544
2024-02-12 12:00:00+00:00,118.79166324765954,118.79166324765954,117.84199615956129,117.84199615956129,2673.1063154988997
2024-02-12 13:00:00+00:00,117.84199615956129,117.9179663358599,116.96231158917388,117.09105383309185,5850.596644112095
2024-02-12 14:00:00+00:00,117.09105383309185,117.87495501401354,116.83084624428898,117.87495501401354,2424.2780730250875
2024-02-12 15:00:00+00:00,117.87495501401354,117.87495501401354,116.96582962251988,117.53749251799684,8431.155768222368
2024-02-12 16:00:00+00:00,117.53749251799684,118.42749473135265,117.53749251799684,118.16136686490366,3863.664562019972
2024-02-12 17:00:00+00:00,118.16136686490366,118.931267362208,117.5926530291571,118.931267362208,3212.800316200756
2024-02-12 18:00:00+00:00,118.931267362208,119.20944619661553,118.33871313354123,118.33871313354123,1550.9813949977283
2024-02-12 19:00:00+00:00,118.33871313354123,118.63340498024954,117.55617317421051,117.55617317421051,1574.8603098487224
2024-02-12 20:00:00+00:00,117.55617317421051,118.06010835051686,117.55617317421051,118.0163072942292,3007.49614690439
2024-02-12 21:00:00+00:00,118.0163072942292,118.17342625027585,116.60400665439967,116.60400665439967,2429.244199409372
2024-02-12 22:00:00+00:00,116.60400665439967,117.1979448924565,116.60400665439967,117.1074521085778,6797.911708521583
2024-02-12 23:00:00+00:00,117.1074521085778,117.1074521085778,115.54880728579131,115.63584942568063,6187.944169241259
2024-02-13 00:00:00+00:00,115.63584942568063,115.8322680781563,115.41276154800747,115.66918664991421,1825.0745000069269
2024-02-13 01:00:00+00:00,115.66918664991421,115.87199335440671,115.51583856225879,115.63008425778855,2430.116226191289
2024-02-13 02:00:00+00:00,115.63008425778855,116.57943423479634,115.63008425778855,116.57943423479634,2561.1722809643165
2024-02-13 03:00:00+00:00,116.57943423479634,117.2647531872322,116.47528202929006,117.13887635267969,2070.998701863552
2024-02-13 04:00:00+00:00,117.13887635267969,118.19851758011751,117.13887635267969,117.64541869225143,3911.3681204091536
2024-02-13 05:00:00+00:00,117.64541869225143,117.72653064452642,117.05080775343589,117.05080775343589,1453.87472234517
2024-02-13 06:00:00+00:00,117.05080775343589,117.90525218078322,116.98981206545464,117.90525218078322,2885.1044120548354
2024-02-13 07:00:00+00:00,117.90525218078322,118.2632190955358,117.72835273753067,118.2632190955358,2461.916446748718
2024-02-13 08:00:00+00:00,118.2632190955358,118.65177779035925,117.90119675716119,118.65177779035925,2677.1566977505663
2024-02-13 09:00:00+00:00,118.65177779035925,118.72090061733562,118.01779841361828,118.72090061733562,2752.869523454661
2024-02-13 10:00:00+00:00,118.72090061733562,118.72090061733562,117.73190390162442,117.84092041236879,2341.318514316143
2024-02-13 11:00:00+00:00,117.84092041236879,118.88407295683544,117.63417333871838,118.88407295683544,7260.748378024295
2024-02-13 12:00:00+00:00,118.88407295683544,118.94379087802645,118.4498062980283,118.7185603099425,4788.856323776981
2024-02-13 13:00:00+00:00,118.7185603099425,119.05731054182931,118.1268752893508,118.1268752893508,5761.9334071023295
2024-02-13 14:00:00+00:00,118.1268752893508,119.29246710614419,118.1268752893508,119.29246710614419,1569.2304828063418
2024-02-13 15:00:00+00:00,119.29246710614419,119.39835962362419,118.94848512347865,119.39835962362419,4005.203939952618
2024-02-13 16:00:00+00:00,119.39835962362419,120.09894350854823,119.39835962362419,119.90571004731086,1262.8048824021128
2024-02-13 17:00:00+00:00,119.90571004731086,120.26445335012768,119.67385706858921,119.7959507654611,2310.273781095708
2024-02-13 18:00:00+00:00,119.7959507654611,120.28767903833649,119.10775288374934,119.10775288374934,1995.6019443796367
2024-02-13 19:00:00+00:00,119.10775288374934,120.01201507292514,119.10775288374934,119.66057873956812,4627.91024019889
2024-02-13 20:00:00+00:00,119.66057873956812,119.75343501025841,118.56188416462372,118.70137434381057,2462.3227416939035
2024-02-13 21:00:00+00:00,118.70137434381057,119.64882923456223,118.70137434381057,119.41895301071375,4402.569073651085
2024-02-13 22:00:00+00:00,119.41895301071375,119.49021862701943,119.02238213673421,119.48326335958497,2559.8711978374645
2024-02-13 23:00:00+00:00,119.48326335958497,119.87576648739069,119.4069832391114,119.49208318564479,1465.9338563777753
2024-02-14 00:00:00+00:00,119.49208318564479,119.49208318564479,118.69527033061563,118.72715311351479,3477.2896497763395
2024-02-14 01:00:00+00:00,118.72715311351479,120.10748991084554,118.72715311351479,120.0513104890509,2544.0529465490285
2024-02-14 02:00:00+00:00,120.0513104890509,120.67954395151014,119.60323703159654,120.48549561391401,2617.36191712677
2024-02-14 03:00:00+00:00,120.48549561391401,120.95025091016032,120.08004490515648,120.20529025717777,5836.670760831639
2024-02-14 04:00:00+00:00,120.20529025717777,120.75969550101435,120.00125413961558,120.13351248417713,2927.695274913969
2024-02-14 05:00:00+00:00,120.13351248417713,120.13351248417713,119.5857364111574,119.81473799982662,3235.322494798661
2024-02-14 06:00:00+00:00,119.81473799982662,120.66089769145094,119.81473799982662,120.33174020706961,4059.0938130854047
2024-02-14 07:00:00+00:00,120.33174020706961,120.42311098524684,119.8356242456698,119.90566961947734,1822.6311654598962
2024-02-14 08:00:00+00:00,119.90566961947734,119.90703176753028,118.61547110707164,118.61547110707164,6856.459739830046
2024-02-14 09:00:00+00:00,118.61547110707164,119.29045832655366,118.25908751183492,119.065388130977,2002.045522422508
2024-02-14 10:00:00+00:00,119.065388130977,119.09431198034284,117.6785253426708,117.6785253426708,3659.501493869036
2024-02-14 11:00:00+00:00,117.6785253426708,118.07901981727845,117.43997286299296,117.43997286299296,1878.8830835071678
2024-02-14 12:00:00+00:00,117.43997286299296,117.43997286299296,116.48829235514533,116.50438875738175,2225.2857575079056
2024-02-14 13:00:00+00:00,116.50438875738175,116.51581124485405,115.43925675298424,116.51581124485405,3334.021269116401
2024-02-14 14:00:00+00:00,116.51581124485405,116.51581124485405,115.38437991055964,115.38437991055964,3553.103552347801
2024-02-14 15:00:00+00:00,115.38437991055964,115.45323403509109,114.6593949265425,114.73133339760643,1627.9137736469183
2024-02-14 16:00:00+00:00,114.73133339760643,115.09787020243736,114.73133339760643,114.99047517765412,1950.9128048707755
2024-02-14 17:00:00+00:00,114.99047517765412,115.01454979575828,114.01411367282239,114.01411367282239,5764.558835298521
2024-02-14 18:00:00+00:00,114.01411367282239,114.01411367282239,113.01641780760534,113.97694385773544,4014.4410928200355
2024-02-14 19:00:00+00:00,113.97694385773544,114.10828622708571,113.11821941809733,113.11821941809733,5234.35043582756
2024-02-14 20:00:00+00:00,113.11821941809733,113.55760211703861,112.57759369946491,113.52953914052068,1913.2492950631986
2024-02-14 21:00:00+00:00,113.52953914052068,113.98869714341821,112.97004381395269,113.98869714341821,3734.504646444307
2024-02-14 22:00:00+00:00,113.98869714341821,113.98869714341821,112.08781011648276,112.08781011648276,4427.232134689706
2024-02-14 23:00:00+00:00,112.08781011648276,112.29373210717732,111.4015763580735,111.7306465499898,2414.901246609818
2024-02-15 00:00:00+00:00,111.7306465499898,111.7306465499898,111.17800063497717,111.1805421535494,6070.88364374625
2024-02-15 01:00:00+00:00,111.1805421535494,111.89062725860366,111.1805421535494,111.78070143211242,4954.8768141849905
2024-02-15 02:00:00+00:00,111.78070143211242,112.1954523487562,111.78070143211242,112.08630131362432,3842.356253240477
2024-02-15 03:00:00+00:00,112.08630131362432,112.09117158840404,111.35134968591846,112.05132943411203,4848.955316154891
2024-02-15 04:00:00+00:00,112.05132943411203,112.4129291054885,111.61296545601193,111.86101407272638,1627.470656687497
2024-02-15 05:00:00+00:00,111.86101407272638,113.70670263430536,111.86101407272638,113.70670263430536,3355.176869042993
2024-02-15 06:00:00+00:00,113.70670263430536,113.84784355145987,112.04747245322821,112.04747245322821,2359.208412356737
2024-02-15 07:00:00+00:00,112.04747245322821,113.24189131038645,112.04747245322821,113.24189131038645,2273.199611301856
2024-02-15 08:00:00+00:00,113.24189131038645,113.63010565294339,113.1644147569797,113.42296308748797,2048.827964712729
2024-02-15 09:00:00+00:00,113.42296308748797,113.66664486315369,113.3713916584024,113.57508606784012,4928.119173282679
2024-02-15 10:00:00+00:00,113.57508606784012,113.62380125109459,113.09988138240578,113.60564901700272,3500.0927466426187
2024-02-15 11:00:00+00:00,113.60564901700272,114.06219360955855,113.16566024416578,113.1681365498698,5284.590389430869
2024-02-15 12:00:00+00:00,113.1681365498698,114.08761815871746,113.058398823051,113.58248241081874,4922.741858057239
2024-02-15 13:00:00+00:00,113.58248241081874,114.19766227333044,113.55550509459276,113.55550509459276,9242.337010100162
2024-02-15 14:00:00+00:00,113.55550509459276,113.55550509459276,111.76954107391335,111.76954107391335,3163.121280425335
2024-02-15 15:00:00+00:00,111.76954107391335,112.1153148546276,111.17348938069586,111.75970330268733,3718.0697443494046
2024-02-15 16:00:00+00:00,111.75970330268733,112.98851438768929,111.73924640518786,112.6265441013703,1632.853111232385
2024-02-15 17:00:00+00:00,112.6265441013703,113.26155390320807,112.41234917842465,112.98254111123033,1270.7623600620245
2024-02-15 18:00:00+00:00,112.98254111123033,113.55590867518141,112.84421733221927,113.36590690664435,1342.8664586510558
2024-02-15 19:00:00+00:00,113.36590690664435,113.84097103939085,113.28455864931507,113.6669631762895,1385.3009282391142
2024-02-15 20:00:00+00:00,113.6669631762895,113.6669631762895,112.06060067943898,112.06060067943898,7648.747920509052
2024-02-15 21:00:00+00:00,112.06060067943898,112.35426429118618,111.71786914481605,111.82974628411534,1673.752340969413
2024-02-15 22:00:00+00:00,111.82974628411534,111.86986719453894,111.51131058132042,111.72116664339465,4031.222837495864
2024-02-15 23:00:00+00:00,111.72116664339465,112.12848221509032,111.04080235978489,111.04080235978489,2551.7035297931416
2024-02-16 00:00:00+00:00,111.04080235978489,111.88962666847105,111.04080235978489,111.88962666847105,1199.1210121728625
2024-02-16 01:00:00+00:00,111.88962666847105,112.25147910164515,111.52633765422875,112.25147910164515,3625.272538803116
2024-02-16 02:00:00+00:00,112.25147910164515,112.62163855163739,112.09543255186915,112.53434125408778,3603.8692292813453
2024-02-16 03:00:00+00:00,112.53434125408778,112.53434125408778,110.91099828679133,110.93995017478107,5973.0225986727755
2024-02-16 04:00:00+00:00,110.93995017478107,111.19319913831659,110.48596791455445,110.48596791455445,1463.4774846873859
2024-02-16 05:00:00+00:00,110.48596791455445,110.72249270080388,109.94540258813706,110.72249270080388,2991.915675453688
2024-02-16 06:00:00+00:00,110.72249270080388,110.96097769160703,110.23613943811347,110.53507411415457,1750.0548028918256
2024-02-16 07:00:00+00:00,110.53507411415457,111.72173827704468,110.53507411415457,111.1838156844376,3533.382981407675
2024-02-16 08:00:00+00:00,111.1838156844376,111.80131547343899,111.1282114006897,111.30567870782731,1107.2121894680342
2024-02-16 09:00:00+00:00,111.30567870782731,111.85696722128964,111.30567870782731,111.70766816215551,3173.744730908698
2024-02-16 10:00:00+00:00,111.70766816215551,113.17069402426564,111.70766816215551,112.79746508708378,1624.7703924293724
2024-02-16 11:00:00+00:00,112.79746508708378,113.45588959150264,112.79746508708378,113.26477472947086,4650.138535034148
2024-02-16 12:00:00+00:00,113.26477472947086,113.26477472947086,112.24089941693919,112.24089941693919,1724.7947374648556
2024-02-16 13:00:00+00:00,112.24089941693919,112.93118556029084,112.1981166453483,112.83963100823235,1803.9189253612244
2024-02-16 14:00:00+00:00,112.83963100823235,113.3468135465271,112.06810169618996,113.23073429828534,7308.460696480573
2024-02-16 15:00:00+00:00,113.23073429828534,113.34879434763006,112.48418231750072,113.34879434763006,2754.784276879779
2024-02-16 16:00:00+00:00,113.34879434763006,113.63282188511486,112.83570315423266,112.9030258559723,3099.699054029839
2024-02-16 17:00:00+00:00,112.9030258559723,113.4250731588777,112.89416073408647,112.89809767038393,2221.771457306071
2024-02-16 18:00:00+00:00,112.89809767038393,113.85251818548664,112.79641334893881,113.65626448540581,1854.4170632587466
2024-02-16 19:00:00+00:00,113.65626448540581,114.41665132214456,113.47753005103442,114.41665132214456,10252.628898416127
2024-02-16 20:00:00+00:00,114.41665132214456,115.99490161673576,114.41665132214456,115.57398168852899,2376.9530155131674
2024-02-16 21:00:00+00:00,115.57398168852899,115.8314560327221,115.19889023772922,115.8314560327221,3211.722051120011
2024-02-16 22:00:00+00:00,115.8314560327221,117.01962539759629,115.8314560327221,116.69914142041605,3791.455393861839
2024-02-16 23:00:00+00:00,116.69914142041605,116.69914142041605,115.07509879926307,115.07509879926307,2579.434425241052
2024-02-17 00:00:00+00:00,115.07509879926307,115.65024627576183,114.55657305268396,115.65024627576183,1591.6456024415681
2024-02-17 01:00:00+00:00,115.65024627576183,115.65024627576183,114.34019642554766,114.34019642554766,2423.8106850538734
2024-02-17 02:00:00+00:00,114.34019642554766,116.62845703868642,114.34019642554766,116.62845703868642,9619.372364775121
2024-02-17 03:00:00+00:00,116.62845703868642,116.65286980706092,115.8049244818615,116.13510788267767,2369.726400952565
2024-02-17 04:00:00+00:00,116.13510788267767,116.76653110379237,115.9108412366272,116.15634419213453,2221.7055896083266
2024-02-17 05:00:00+00:00,116.15634419213453,116.81413572166113,116.04387377472806,116.64454782656495,1093.6381333267218
2024-02-17 06:00:00+00:00,116.64454782656495,117.36111145584107,116.64454782656495,117.07272764501782,2835.8632143754685
2024-02-17 07:00:00+00:00,117.07272764501782,117.98454173446295,117.07272764501782,117.34565697177075,2230.107851525047
2024-02-17 08:00:00+00:00,117.34565697177075,118.5277255552835,117.34565697177075,118.5277255552835,4309.850963640479
2024-02-17 09:00:00+00:00,118.5277255552835,118.78662231238899,118.21425569614658,118.78662231238899,5144.358623217562
2024-02-17 10:00:00+00:00,118.78662231238899,119.46392499974976,118.34482934561053,118.55283718090836,2920.7204888414394
2024-02-17 11:00:00+00:00,118.55283718090836,119.01261394593648,118.46727232639388,118.68427249617905,3104.31031289079
2024-02-17 12:00:00+00:00,118.68427249617905,119.36305928296996,118.68427249617905,118.6863836436142,2112.1948140949808
2024-02-17 13:00:00+00:00,118.6863836436142,119.40611975457252,118.68100525613896,118.92026662946544,3627.1489766032405
2024-02-17 14:00:00+00:00,118.92026662946544,118.99201283119817,117.68551179640839,117.68551179640839,1805.5418393889624
2024-02-17 15:00:00+00:00,117.68551179640839,118.76065397511711,117.68551179640839,117.93182917318525,6302.2345730992465
2024-02-17 16:00:00+00:00,117.93182917318525,118.06679868126413,116.4364293564098,116.60154681823198,4802.278736598342
2024-02-17 17:00:00+00:00,116.60154681823198,117.91067769362611,116.51845668902287,117.91067769362611,3093.6470001269986
2024-02-17 18:00:00+00:00,117.91067769362611,118.2348671844392,117.3053062615632,117.3053062615632,6573.091423922721
2024-02-17 19:00:00+00:00,117.3053062615632,117.90827340076471,117.06775702347913,117.90827340076471,2045.2923195039164
2024-02-17 20:00:00+00:00,117.90827340076471,118.67370205559264,117.90827340076471,117.94454850022039,5482.453139499301
2024-02-17 21:00:00+00:00,117.94454850022039,118.75431066096898,117.35663053136516,118.75431066096898,2725.4876228149137
2024-02-17 22:00:00+00:00,118.75431066096898,119.1751309001571,118.30342559498665,118.30342559498665,2358.7169835421223
2024-02-17 23:00:00+00:00,118.30342559498665,119.25512794703985,118.19032705329431,119.25512794703985,2324.87424949773
2024-02-18 00:00:00+00:00,119.25512794703985,119.7047519018174,119.0243320623141,119.42637408548417,1875.7606286102591
2024-02-18 01:00:00+00:00,119.42637408548417,119.80743188810487,118.8280391451202,119.4940253740119,4816.543674141418
2024-02-18 02:00:00+00:00,119.4940253740119,120.75154103031181,119.4940253740119,120.75154103031181,2217.7309077291275
2024-02-18 03:00:00+00:00,120.75154103031181,121.39713925952078,120.27610731261471,121.2244415693001,1508.1770630634483
2024-02-18 04:00:00+00:00,121.2244415693001,121.75093707182855,120.98824274177875,120.98824274177875,5024.074603704382
2024-02-18 05:00:00+00:00,120.98824274177875,121.70298777384596,120.98824274177875,121.55174244754984,4119.116717569534
2024-02-18 06:00:00+00:00,121.55174244754984,121.55174244754984,120.50803054959562,121.28807887821108,2051.951109662993
2024-02-18 07:00:00+00:00,121.28807887821108,121.28807887821108,120.39418714317432,120.39418714317432,2369.5132478223163
2024-02-18 08:00:00+00:00,120.39418714317432,121.10336357328256,120.06297850660773,121.10336357328256,8599.730265288632
2024-02-18 09:00:00+00:00,121.10336357328256,121.31439674391498,120.71360995473391,120.71360995473391,2339.81429438656
2024-02-18 10:00:00+00:00,120.71360995473391,120.71360995473391,120.00769651040805,120.65111112165827,2562.8188318047846
2024-02-18 11:00:00+00:00,120.65111112165827,120.65111112165827,119.95233985176964,119.95233985176964,1299.9809329799052
2024-02-18 12:00:00+00:00,119.95233985176964,120.7335276446152,119.94010735356234,120.2793464370139,3338.0154943328694
2024-02-18 13:00:00+00:00,120.2793464370139,120.52773437071534,119.80661459306674,119.97101096511902,2417.371805270644
2024-02-18 14:00:00+00:00,119.97101096511902,120.29518797679538,119.47878012223092,120.23739723882329,1122.1724132369284
2024-02-18 15:00:00+00:00,120.23739723882329,120.82519210082066,120.13386287517888,120.13386287517888,2707.4873172062557
2024-02-18 16:00:00+00:00,120.13386287517888,120.18705068614432,119.10569629822484,119.10569629822484,6446.2614443629445
2024-02-18 17:00:00+00:00,119.10569629822484,120.23433637295706,119.10569629822484,119.90837157458122,2418.409507475212
2024-02-18 18:00:00+00:00,119.90837157458122,120.45926309408257,119.76972633351444,120.38956332222084,1768.26926151787
2024-02-18 19:00:00+00:00,120.38956332222084,120.48703778006865,119.74010986199765,119.74010986199765,2136.170459814425
2024-02-18 20:00:00+00:00,119.74010986199765,120.00218959054918,118.94106723302112,120.00218959054918,3076.16152074044
2024-02-18 21:00:00+00:00,120.00218959054918,121.19523786267376,120.00218959054918,120.58264705402281,2018.916765773224
2024-02-18 22:00:00+00:00,120.58264705402281,121.43241942602906,120.54687304341266,120.54687304341266,1350.7618870339684
2024-02-18 23:00:00+00:00,120.54687304341266,120.54687304341266,119.64597475750674,119.64597475750674,3332.9731592529038
2024-02-19 00:00:00+00:00,119.64597475750674,119.97483492171618,119.18965905006931,119.23861280834974,2774.9514841233445
2024-02-19 01:00:00+00:00,119.23861280834974,119.58001019215655,118.95286617356795,118.95286617356795,2345.443813426386
2024-02-19 02:00:00+00:00,118.95286617356795,119.01005588672173,118.43688499127174,118.46605286962533,1837.4070687857711
2024-02-19 03:00:00+00:00,118.46605286962533,118.85206837256051,117.78549397934285,117.78549397934285,1704.3582849395748
2024-02-19 04:00:00+00:00,117.78549397934285,118.49938194924168,117.60799662837023,118.49938194924168,980.1349780928101
2024-02-19 05:00:00+00:00,118.49938194924168,118.8024561836666,117.63737487437757,118.52287409419549,2361.8688036300077
2024-02-19 06:00:00+00:00,118.52287409419549,119.54916598610511,118.25724483062426,119.54916598610511,2992.7779672383904
2024-02-19 07:00:00+00:00,119.54916598610511,120.34710088602131,119.54916598610511,119.87144398022612,3830.7472917453524
2024-02-19 08:00:00+00:00,119.87144398022612,120.657089479834,119.4090825582017,120.61980926181307,3456.3986867735202
2024-02-19 09:00:00+00:00,120.61980926181307,121.52024802277012,120.61980926181307,121.29070090137468,3362.1725655057394
2024-02-19 10:00:00+00:00,121.29070090137468,121.46251145199054,120.79452910569802,120.95766757969028,3278.4158255612133
2024-02-19 11:00:00+00:00,120.95766757969028,121.78283807314124,120.87184366762112,120.87184366762112,2816.975160800498
2024-02-19 12:00:00+00:00,120.87184366762112,120.97596521633503,119.79246164645218,120.09286309834278,4797.28059291359
2024-02-19 13:00:00+00:00,120.09286309834278,120.09286309834278,119.04704847931646,119.04704847931646,1575.1201018942827
2024-02-19 14:00:00+00:00,119.04704847931646,119.71887155385127,119.04704847931646,119.19502253282909,1814.1480346871704
2024-02-19 15:00:00+00:00,119.19502253282909,119.65339388794943,118.7355263583723,118.89812767026613,2375.097235301903
2024-02-19 16:00:00+00:00,118.89812767026613,119.72931144169056,118.89812767026613,119.72931144169056,5325.572745722888
2024-02-19 17:00:00+00:00,119.72931144169056,119.72931144169056,117.56864910050768,117.56864910050768,1422.3290652952066
2024-02-19 18:00:00+00:00,117.56864910050768,117.91110491092546,117.32809685333275,117.54834656549218,4483.525120527552
2024-02-19 19:00:00+00:00,117.54834656549218,117.78020666304084,116.93256681339103,117.54011260581802,3303.003826813296
2024-02-19 20:00:00+00:00,117.54011260581802,117.54011260581802,116.93469698484009,116.93469698484009,4031.6682061303554
2024-02-19 21:00:00+00:00,116.93469698484009,118.30930541252543,116.90439255506618,118.30930541252543,1920.9019678221734
2024-02-19 22:00:00+00:00,118.30930541252543,118.47323033126307,117.39726235264385,117.40736424097462,4266.830097929815
2024-02-19 23:00:00+00:00,117.40736424097462,117.44522466254998,116.84802302976009,117.29762410084132,3182.0042130372335
2024-02-20 00:00:00+00:00,117.29762410084132,118.52046774920188,116.79531335253596,118.45683712010822,2056.9518952025
2024-02-20 01:00:00+00:00,118.45683712010822,118.81393385517916,117.81279376426407,118.75607942822995,1979.3718212443769
2024-02-20 02:00:00+00:00,118.75607942822995,118.78048802043284,118.16902028706606,118.5863961030925,2184.826777801175
2024-02-20 03:00:00+00:00,118.5863961030925,118.5863961030925,117.32204699197298,117.86138290912193,2991.590042330965
2024-02-20 04:00:00+00:00,117.86138290912193,118.37971448553829,117.58162325481067,118.37971448553829,2112.19364327123
2024-02-20 05:00:00+00:00,118.37971448553829,118.6646115101222,117.98210505662581,118.53658172440286,2717.7445374358153
2024-02-20 06:00:00+00:00,118.53658172440286,119.70288470986056,118.53658172440286,119.70288470986056,8081.00159157686
2024-02-20 07:00:00+00:00,119.70288470986056,120.6536878559811,119.70288470986056,120.17966644399382,3091.145625912712
2024-02-20 08:00:00+00:00,120.17966644399382,120.17966644399382,118.91021932273674,119.02421280906542,4124.465844799643
2024-02-20 09:00:00+00:00,119.02421280906542,119.61970861342192,118.36759260647898,119.45368814037943,2319.6417072976674
2024-02-20 10:00:00+00:00,119.45368814037943,119.62881712990146,118.14065396062173,118.22280294173581,4353.418559596677
2024-02-20 11:00:00+00:00,118.22280294173581,118.61308649767008,116.95961181686012,117.31436832485842,1702.9227452694013
2024-02-20 12:00:00+00:00,117.31436832485842,117.47481342311083,116.50493933996958,116.50493933996958,3082.140481993285
2024-02-20 13:00:00+00:00,116.50493933996958,117.17187913089309,116.50493933996958,117.02392970604508,6856.216071522352
2024-02-20 14:00:00+00:00,117.02392970604508,117.66807784225298,117.02392970604508,117.22721515894072,2458.559340291198
2024-02-20 15:00:00+00:00,117.22721515894072,117.41206901357683,115.74737212591529,115.74737212591529,3638.8903325396445
2024-02-20 16:00:00+00:00,115.74737212591529,115.74737212591529,115.06340684309735,115.35278018908578,2474.255755171592
2024-02-20 17:00:00+00:00,115.35278018908578,115.35278018908578,114.48986849546378,114.60502848285898,3060.416864532558
2024-02-20 18:00:00+00:00,114.60502848285898,114.92869909495593,114.48156899585454,114.92869909495593,4264.900713409442
2024-02-20 19:00:00+00:00,114.92869909495593,115.2053786118806,114.46580251915681,115.19311778780369,2792.7864118563257
2024-02-20 20:00:00+00:00,115.19311778780369,116.77570267362496,115.09610569042671,116.77570267362496,4889.312887560431
2024-02-20 21:00:00+00:00,116.77570267362496,126.79636063196521,116.1652110064263,126.62896890512626,2406.052382330583
2024-02-20 22:00:00+00:00,126.62896890512626,127.1297890820347,126.58115862498394,126.58115862498394,9415.84334195655
2024-02-20 23:00:00+00:00,126.58115862498394,126.77541888070044,125.68469192218794,125.68469192218794,1919.394537732877
2024-02-21 00:00:00+00:00,125.68469192218794,126.1846337492543,125.6358388798394,125.7017950150666,2489.587985373283
2024-02-21 01:00:00+00:00,125.7017950150666,126.5950891734822,125.67759070186143,126.10724503121848,2516.8900132881886
2024-02-21 02:00:00+00:00,126.10724503121848,126.78435212294121,125.4387535815859,125.4387535815859,5850.832002949919
2024-02-21 03:00:00+00:00,125.4387535815859,125.48606327154954,125.04145152102012,125.48606327154954,1484.4232808473007
2024-02-21 04:00:00+00:00,125.48606327154954,126.20173086894263,125.28536794389959,125.96681519032403,2253.7924041603796
2024-02-21 05:00:00+00:00,125.96681519032403,126.7619188148481,125.59830467214447,126.7619188148481,4696.415132603944
2024-02-21 06:00:00+00:00,126.7619188148481,127.15960790358929,126.08928280782905,127.15960790358929,1492.821056258342
2024-02-21 07:00:00+00:00,127.15960790358929,127.18493881017739,126.3817409568704,126.95458580978028,1960.6551582403044
2024-02-21 08:00:00+00:00,126.95458580978028,127.32894056572121,126.10148364160072,126.10148364160072,2155.913461746592
2024-02-21 09:00:00+00:00,126.10148364160072,127.68900444711475,125.58381126360585,127.68900444711475,2478.9516366833586
2024-02-21 10:00:00+00:00,127.68900444711475,127.8445328494938,126.9973127175981,126.9973127175981,5826.038630579637
2024-02-21 11:00:00+00:00,126.9973127175981,127.34587666433119,126.80038200472643,127.05676393477883,2558.6865067774993
2024-02-21 12:00:00+00:00,127.05676393477883,127.31261689039279,126.14179952889522,126.14179952889522,6622.843216375069
2024-02-21 13:00:00+00:00,126.14179952889522,127.11685485883575,126.14179952889522,126.93104849679337,7252.3803992643725
2024-02-21 14:00:00+00:00,126.93104849679337,127.41878168785384,126.71698689314454,126.71698689314454,2181.4167492081215
2024-02-21 15:00:00+00:00,126.71698689314454,127.64736435599755,126.49028058825292,127.22070160921038,2879.606094126711
2024-02-21 16:00:00+00:00,127.22070160921038,128.234910935691,127.22070160921038,128.234910935691,3800.4882760793325
2024-02-21 17:00:00+00:00,128.234910935691,128.88551899562106,128.00592138117003,128.04248842272582,1690.4762580159104
2024-02-21 18:00:00+00:00,128.04248842272582,128.55172012476143,127.99443012846699,128.18281284997582,4940.934140339409
2024-02-21 19:00:00+00:00,128.18281284997582,128.6183175850796,127.53010479873284,127.91213435442823,2695.029772101321
2024-02-21 20:00:00+00:00,127.91213435442823,128.02551564108424,127.24909654774056,127.85281733214768,1263.6332258689336
2024-02-21 21:00:00+00:00,127.85281733214768,128.63407363431634,127.56922257244106,127.56922257244106,2534.4992551492737
2024-02-21 22:00:00+00:00,127.56922257244106,128.24992338245977,127.47437999197224,127.47437999197224,3111.2650825522687
2024-02-21 23:00:00+00:00,127.47437999197224,128.2913877245347,127.43814290321012,127.59325405746685,1842.5294117615572
2024-02-22 00:00:00+00:00,127.59325405746685,128.5770305174433,127.54229423627292,128.34179345697842,1307.9443480644225
2024-02-22 01:00:00+00:00,128.34179345697842,128.34179345697842,127.83102843178514,127.85456375874494,2407.0230728063448
2024-02-22 02:00:00+00:00,127.85456375874494,127.85456375874494,126.0431303840715,126.0431303840715,2714.3130623749134
2024-02-22 03:00:00+00:00,126.0431303840715,126.37918822978729,125.40694367385579,125.43540406338668,3928.381633658972
2024-02-22 04:00:00+00:00,125.43540406338668,125.66289263049951,124.8132129139957,125.07081566943458,2510.891806215683
2024-02-22 05:00:00+00:00,125.07081566943458,126.68675103282882,124.98206464817872,126.03040682507456,3398.347844535516
2024-02-22 06:00:00+00:00,126.03040682507456,126.07374471697591,125.15515268675912,125.81406449893925,1235.348514416939
2024-02-22 07:00:00+00:00,125.81406449893925,126.92971652616127,125.81406449893925,126.345063243214,6207.079571626829
2024-02-22 08:00:00+00:00,126.345063243214,126.83641567826812,125.90564143297247,126.79358944598356,2746.822241505389
2024-02-22 09:00:00+00:00,126.79358944598356,128.51631012088293,126.79358944598356,128.51631012088293,4796.336536763785
2024-02-22 10:00:00+00:00,128.51631012088293,129.09571537110088,128.3660055597566,129.09571537110088,7184.735242752388
2024-02-22 11:00:00+00:00,129.09571537110088,129.09571537110088,128.36480315106337,128.93948950737527,1266.6598817942222
2024-02-22 12:00:00+00:00,128.93948950737527,129.9912307933564,128.43042005458838,129.9912307933564,2436.5223543521465
2024-02-22 13:00:00+00:00,129.9912307933564,131.46778028925104,129.90858630867308,131.4152367927939,2531.359453385474
2024-02-22 14:00:00+00:00,131.4152367927939,131.4152367927939,130.81563520981663,130.9952883587831,3311.580080691038
2024-02-22 15:00:00+00:00,130.9952883587831,131.88548815681608,130.7406874719339,131.5019964688542,3302.03399971127
2024-02-22 16:00:00+00:00,131.5019964688542,131.5019964688542,130.12849575938435,130.12849575938435,2010.470573300484
2024-02-22 17:00:00+00:00,130.12849575938435,131.33150679270457,130.12849575938435,130.7751665078521,3803.7205658294815
2024-02-22 18:00:00+00:00,130.7751665078521,131.0510871512068,130.08558627984507,130.47867795168506,3115.092262272513
2024-02-22 19:00:00+00:00,130.47867795168506,130.6767148342444,130.20531064449884,130.52267522613604,3179.2812356275676
2024-02-22 20:00:00+00:00,130.52267522613604,131.8440721098938,130.52267522613604,131.10467513319318,3629.163667209523
2024-02-22 21:00:00+00:00,131.10467513319318,131.36025095747002,130.43533657035113,130.5872735626453,2288.8402688644933
2024-02-22 22:00:00+00:00,130.5872735626453,131.36665498732268,130.25265810246384,131.22939360708827,6185.454755544391
2024-02-22 23:00:00+00:00,131.22939360708827,131.38261901987403,130.64590839595928,131.38261901987403,7417.03634070603
2024-02-23 00:00:00+00:00,131.38261901987403,131.42385272948093,130.50515294469554,131.42385272948093,3273.3339605176507
2024-02-23 01:00:00+00:00,131.42385272948093,131.8981278103529,131.02728460828112,131.8981278103529,2873.5596689613726
2024-02-23 02:00:00+00:00,131.8981278103529,132.2727577999063,131.6768608905347,131.6768608905347,1933.7641865821386
2024-02-23 03:00:00+00:00,131.6768608905347,131.7871525404692,130.16954622520083,130.16954622520083,4525.2935209225225
2024-02-23 04:00:00+00:00,130.16954622520083,131.21054670902942,130.16954622520083,130.53374443953078,2876.125008023585
2024-02-23 05:00:00+00:00,130.53374443953078,131.2627504471192,130.53374443953078,130.89550134662832,1771.5135104818146
2024-02-23 06:00:00+00:00,130.89550134662832,130.89550134662832,129.95133519008414,129.95133519008414,959.0905547804301
2024-02-23 07:00:00+00:00,129.95133519008414,130.48085094475599,129.95133519008414,130.48085094475599,742.7302012049089
2024-02-23 08:00:00+00:00,130.48085094475599,131.20947663746767,130.1480886266028,131.20947663746767,2100.4887864886687
2024-02-23 09:00:00+00:00,131.20947663746767,131.20947663746767,130.3806607013177,131.04396027876183,2725.4567965535434
2024-02-23 10:00:00+00:00,131.04396027876183,131.28874675201945,130.55794564439626,130.80735267231944,2533.3717982615667
2024-02-23 11:00:00+00:00,130.80735267231944,130.80735267231944,129.4140866416118,129.57308743782383,2585.508957876164
2024-02-23 12:00:00+00:00,129.57308743782383,129.77553808834955,128.8061415363853,128.94252328360048,2625.8331557000442
2024-02-23 13:00:00+00:00,128.94252328360048,128.94252328360048,127.88191881157618,127.88191881157618,3306.246137591529
2024-02-23 14:00:00+00:00,127.88191881157618,128.94883057447353,127.88191881157618,128.60756447336777,1958.658395671789
2024-02-23 15:00:00+00:00,128.60756447336777,129.3851867810645,128.60756447336777,129.3851867810645,4161.535673854313
2024-02-23 16:00:00+00:00,129.3851867810645,129.98484609709612,129.0896181629865,129.8940310332872,5060.894889491775
2024-02-23 17:00:00+00:00,129.8940310332872,129.99099786415678,129.260507220849,129.99004469635108,4645.949915994743
2024-02-23 18:00:00+00:00,129.99004469635108,130.29465126116213,129.17558368497075,129.17558368497075,4307.741985257374
2024-02-23 19:00:00+00:00,129.17558368497075,129.38909831228057,128.85904941819467,129.38909831228057,1998.8102051272224
2024-02-23 20:00:00+00:00,129.38909831228057,129.38909831228057,127.8825613227397,128.21553169102089,2113.1966234247584
2024-02-23 21:00:00+00:00,128.21553169102089,128.29226073089475,127.17949877505393,127.30410665869685,1885.2596346544062
2024-02-23 22:00:00+00:00,127.30410665869685,127.56074277921813,126.90235021678977,127.43200423757581,2414.678992092102
2024-02-23 23:00:00+00:00,127.43200423757581,127.43200423757581,127.03221937668906,127.30495187392624,3734.737436611821
2024-02-24 00:00:00+00:00,127.30495187392624,128.31944872230673,127.30495187392624,128.31944872230673,5800.232578278486
2024-02-24 01:00:00+00:00,128.31944872230673,129.50344887673015,128.31944872230673,129.43448287557342,2522.2336330428766
2024-02-24 02:00:00+00:00,129.43448287557342,130.06723693402958,129.43448287557342,129.76105054845812,1783.0871523537846
2024-02-24 03:00:00+00:00,129.76105054845812,129.76105054845812,128.218566314656,128.3424158045101,2495.141456140116
2024-02-24 04:00:00+00:00,128.3424158045101,128.3424158045101,126.69639925334906,126.69639925334906,5270.10792699585
2024-02-24 05:00:00+00:00,126.69639925334906,127.66295615004663,126.69639925334906,127.66295615004663,1101.9948978494588
2024-02-24 06:00:00+00:00,127.66295615004663,129.35317071819895,127.60570985199772,128.86402063825304,2315.079230032615
2024-02-24 07:00:00+00:00,128.86402063825304,128.86402063825304,127.46210855539103,127.56786235770831,2422.911944457287
2024-02-24 08:00:00+00:00,127.56786235770831,127.56786235770831,126.77998979472817,126.77998979472817,5909.500314056964
2024-02-24 09:00:00+00:00,126.77998979472817,126.84861290097847,126.43293344195656,126.57568085008262,1798.5417104718779
2024-02-24 10:00:00+00:00,126.57568085008262,126.5874452612255,126.04305705521534,126.5874452612255,2659.645693880555
2024-02-24 11:00:00+00:00,126.5874452612255,126.75857308747096,126.17491251321702,126.75857308747096,2854.7408594407643
2024-02-24 12:00:00+00:00,126.75857308747096,127.51867328664187,126.67077635121353,126.71848570213808,2857.9447600490466
2024-02-24 13:00:00+00:00,126.71848570213808,127.46383721768315,126.71848570213808,127.02486863997295,4078.1724064008044
2024-02-24 14:00:00+00:00,127.02486863997295,127.54593604110694,126.79574286761908,127.54242414635682,3216.9376968670076
2024-02-24 15:00:00+00:00,127.54242414635682,128.3690891436489,127.48177646987719,128.1483025538456,3366.4924216866075
2024-02-24 16:00:00+00:00,128.1483025538456,128.1483025538456,126.61894359323024,127.33058529979559,4844.559317553129
2024-02-24 17:00:00+00:00,127.33058529979559,127.687156045891,126.82916216398745,126.94865346360535,2230.2045005324753
2024-02-24 18:00:00+00:00,126.94865346360535,126.97964121684603,126.1784144711917,126.3185539743136,1974.2263580649942
2024-02-24 19:00:00+00:00,126.3185539743136,127.42868662027543,126.22094932920119,127.42868662027543,2862.2489576204325
2024-02-24 20:00:00+00:00,127.42868662027543,127.85329401794237,127.18097288133575,127.85329401794237,1274.6894308278431
2024-02-24 21:00:00+00:00,127.85329401794237,128.2391931680488,126.6517116058345,126.7439214859327,1450.8992203816315
2024-02-24 22:00:00+00:00,126.7439214859327,127.85374116851509,126.7439214859327,127.61916280594343,1746.3273807349985
2024-02-24 23:00:00+00:00,127.61916280594343,127.86851314332588,127.32094833125228,127.56741972272494,1087.052544883921
2024-02-25 00:00:00+00:00,127.56741972272494,127.60442692765578,127.11837287564596,127.60442692765578,1599.457486649679
2024-02-25 01:00:00+00:00,127.60442692765578,127.81555814320458,126.14782367977972,126.14782367977972,1260.364579513042
2024-02-25 02:00:00+00:00,126.14782367977972,126.14782367977972,125.4847905086854,125.4847905086854,5217.936697177952
2024-02-25 03:00:00+00:00,125.4847905086854,125.76668380654624,124.75240721509863,124.75240721509863,3605.9037447956457
2024-02-25 04:00:00+00:00,124.75240721509863,124.75240721509863,123.44524907514152,123.44524907514152,2146.772471891858
2024-02-25 05:00:00+00:00,123.44524907514152,123.8296017780161,122.00540395175487,122.00540395175487,2249.2984505980858
2024-02-25 06:00:00+00:00,122.00540395175487,122.28633452285625,121.78079370802716,122.25786034033077,1815.3248997446947
2024-02-25 07:00:00+00:00,122.25786034033077,122.51652891675792,120.98458923808886,121.29516764068634,3933.2152205701655
2024-02-25 08:00:00+00:00,121.29516764068634,121.98246610241135,121.02925990131438,121.98246610241135,2370.359378702238
2024-02-25 09:00:00+00:00,121.98246610241135,122.11027216177126,120.90026709167093,120.90026709167093,5094.075327462379
2024-02-25 10:00:00+00:00,120.90026709167093,121.5279264154377,120.90026709167093,121.37395124265284,3318.852115812446
2024-02-25 11:00:00+00:00,121.37395124265284,121.93122475911518,121.37094873087769,121.46202325312419,2807.8738029459896
2024-02-25 12:00:00+00:00,121.46202325312419,121.48271427386256,120.45608879706353,121.48271427386256,2885.257773896889
2024-02-25 13:00:00+00:00,121.48271427386256,121.82768567630487,120.72207379333018,121.48653307232246,4406.089802973629
2024-02-25 14:00:00+00:00,121.48653307232246,122.69080207158159,120.84105264173182,122.69080207158159,2065.6817263248813
2024-02-25 15:00:00+00:00,122.69080207158159,123.32205021578237,121.69448076721406,121.69448076721406,6332.160511564221
2024-02-25 16:00:00+00:00,121.69448076721406,122.10835852366247,121.58774654747464,122.08004308840195,4072.3184742033623
2024-02-25 17:00:00+00:00,122.08004308840195,122.85666423686118,121.5959373790609,121.5959373790609,2808.0125352825553
2024-02-25 18:00:00+00:00,121.5959373790609,121.88978448772626,121.47568202776013,121.84495182011524,4267.281727985638
2024-02-25 19:00:00+00:00,121.84495182011524,122.61068624543074,121.84495182011524,122.5236542477426,3919.0666283366604
2024-02-25 20:00:00+00:00,122.5236542477426,123.43981198788495,122.5236542477426,122.92623967281249,3770.628860923525
2024-02-25 21:00:00+00:00,122.92623967281249,122.92623967281249,122.18099087130534,122.18099087130534,4035.609240447365
2024-02-25 22:00:00+00:00,122.18099087130534,123.34859600783224,121.98750337148418,122.93536507941913,4121.209289418924
2024-02-25 23:00:00+00:00,122.93536507941913,124.06640519727539,122.72079812605288,124.06640519727539,3289.2868232858796
2024-02-26 00:00:00+00:00,124.06640519727539,124.46713167405106,123.80709905450624,124.46713167405106,3512.9287294906426
2024-02-26 01:00:00+00:00,124.46713167405106,124.46713167405106,123.30601491259964,123.3387414892993,3922.5942472667407
2024-02-26 02:00:00+00:00,123.3387414892993,125.0447561947705,122.89163825613892,125.0447561947705,3624.3357603444783
2024-02-26 03:00:00+00:00,125.0447561947705,125.49328523811582,124.82679178620086,125.41749043026071,3203.3867694480273
2024-02-26 04:00:00+00:00,125.41749043026071,126.28575294761193,125.41749043026071,126.28575294761193,3918.5319260607002
2024-02-26 05:00:00+00:00,126.28575294761193,126.89880688138852,126.28575294761193,126.32881626858841,1819.1370881202656
2024-02-26 06:00:00+00:00,126.32881626858841,128.26105625467412,126.32881626858841,128.26105625467412,4929.414178798001
2024-02-26 07:00:00+00:00,128.26105625467412,128.8256938420238,128.26105625467412,128.37075290900577,2476.173830977799
2024-02-26 08:00:00+00:00,128.37075290900577,130.79095188687714,128.37075290900577,130.79095188687714,4126.322591704152
2024-02-26 09:00:00+00:00,130.79095188687714,131.1919054302165,130.39744172554379,130.66665743216592,4860.4327349918585
2024-02-26 10:00:00+00:00,130.66665743216592,131.60231102688047,130.66665743216592,131.60231102688047,2422.5981010377873
2024-02-26 11:00:00+00:00,131.60231102688047,132.83190846244423,131.60231102688047,132.28032629949564,3885.8036984607756
2024-02-26 12:00:00+00:00,132.28032629949564,133.67990645722537,132.16636522932725,133.37245439296743,446.97937911014634
2024-02-26 13:00:00+00:00,133.37245439296743,133.37245439296743,132.13980132952435,132.3058257465621,4433.814009887048
2024-02-26 14:00:00+00:00,132.3058257465621,132.9724520545783,132.3058257465621,132.42909656692544,1767.9331877764134
2024-02-26 15:00:00+00:00,132.42909656692544,132.98196373430548,132.10949290234885,132.13586831560832,1112.90409047465
2024-02-26 16:00:00+00:00,132.13586831560832,132.5028218755075,131.64586985629512,131.9581631673799,4647.5657328847155
2024-02-26 17:00:00+00:00,131.9581631673799,132.76153062939096,131.79857812531733,132.38978559624832,2714.0640050592765
2024-02-26 18:00:00+00:00,132.38978559624832,133.26538264768126,132.21564455970048,133.26538264768126,4036.9397537020436
2024-02-26 19:00:00+00:00,133.26538264768126,133.26538264768126,132.04608524479949,132.67115737773966,2577.9113085989507
2024-02-26 20:00:00+00:00,132.67115737773966,133.7245523451534,132.67115737773966,132.96773114197512,6351.963118715105
2024-02-26 21:00:00+00:00,132.96773114197512,134.42761137450526,132.96773114197512,134.34906394959438,3861.296521063559
2024-02-26 22:00:00+00:00,134.34906394959438,134.58713489527327,134.18732859770452,134.31246379773026,4493.153879348508
2024-02-26 23:00:00+00:00,134.31246379773026,135.73904448746276,134.29427625912032,135.29743189877846,5001.257926488912
2024-02-27 00:00:00+00:00,135.29743189877846,135.85206058822948,134.75189816266948,135.25781407032306,2590.6520441725384
2024-02-27 01:00:00+00:00,135.25781407032306,136.2599763748032,135.25781407032306,135.8591207603364,3573.4703392911165
2024-02-27 02:00:00+00:00,135.8591207603364,135.9552592326341,135.27705128121158,135.27705128121158,1958.6070931000909
2024-02-27 03:00:00+00:00,135.27705128121158,135.37916918068956,134.3189076081345,134.78613166997357,3219.478041234231
2024-02-27 04:00:00+00:00,134.78613166997357,137.09619680902892,134.78613166997357,137.09619680902892,4079.8481334274807
2024-02-27 05:00:00+00:00,137.09619680902892,137.5424607223853,136.7278749860717,136.7278749860717,4100.546075761577
2024-02-27 06:00:00+00:00,136.7278749860717,137.10593716055212,136.64069557414032,137.10593716055212,2403.355150018042
2024-02-27 07:00:00+00:00,137.10593716055212,137.20413785030314,136.87468836693424,137.20413785030314,3409.876139208299
2024-02-27 08:00:00+00:00,137.20413785030314,138.38383923214587,137.02007139556437,138.38383923214587,1964.4635236116453
2024-02-27 09:00:00+00:00,138.38383923214587,138.82920290234722,137.5449286561268,137.5449286561268,6816.539531808482
2024-02-27 10:00:00+00:00,137.5449286561268,137.83657426233268,136.6477973393771,136.6477973393771,2130.7760446390603
2024-02-27 11:00:00+00:00,136.6477973393771,136.92518885963545,134.95916292859687,134.95916292859687,2688.728149466275
2024-02-27 12:00:00+00:00,134.95916292859687,135.96656500426968,134.83633937173838,135.96656500426968,3669.172083714408
2024-02-27 13:00:00+00:00,135.96656500426968,137.72122286956065,135.96656500426968,137.40660101557276,5219.371636217559
2024-02-27 14:00:00+00:00,137.40660101557276,137.57921778841737,136.99313399207517,137.0114089516889,7642.825248767613
2024-02-27 15:00:00+00:00,137.0114089516889,137.0610156921293,136.40232217849342,137.0610156921293,5283.833850890035
2024-02-27 16:00:00+00:00,137.0610156921293,137.87751653665248,136.30547319697433,137.5205498910835,3249.01881974896
2024-02-27 17:00:00+00:00,137.5205498910835,138.7383821351378,137.5205498910835,138.69534190060946,4318.698255730235
2024-02-27 18:00:00+00:00,138.69534190060946,139.69732911412984,138.55286505767467,139.69732911412984,2799.784057865243
2024-02-27 19:00:00+00:00,139.69732911412984,140.38657779892444,139.3580980389331,140.38657779892444,764.1872126305927
2024-02-27 20:00:00+00:00,140.38657779892444,140.67139911404675,140.2561457291556,140.58073785152172,2562.8273820174973
2024-02-27 21:00:00+00:00,140.58073785152172,141.90435489002564,140.58073785152172,141.90435489002564,3088.025590123912
2024-02-27 22:00:00+00:00,141.90435489002564,142.2026628121224,140.76845145239363,140.76845145239363,3954.4071927420746
2024-02-27 23:00:00+00:00,140.76845145239363,141.35987579439768,140.64938898463262,140.73162879015638,3047.4848489948736
2024-02-28 00:00:00+00:00,140.73162879015638,140.73162879015638,139.8106638370591,140.24938401619264,4077.596492396529
2024-02-28 01:00:00+00:00,140.24938401619264,140.88950603980385,139.55940113565453,139.55940113565453,3247.063608615747
2024-02-28 02:00:00+00:00,139.55940113565453,139.55940113565453,138.2753258229461,138.3747342089072,2339.4203285451795
2024-02-28 03:00:00+00:00,138.3747342089072,138.57904533326248,137.09732808807328,137.35657185522697,2351.6724456366696
2024-02-28 04:00:00+00:00,137.35657185522697,137.7658932845343,137.3179157632456,137.45087721189216,2156.3352691224914
2024-02-28 05:00:00+00:00,137.45087721189216,139.04859640051737,137.45087721189216,139.04859640051737,2903.9130384947966
2024-02-28 06:00:00+00:00,139.04859640051737,139.04859640051737,137.118086157555,137.62209700138607,1103.32136608982
2024-02-28 07:00:00+00:00,137.62209700138607,137.93460625734573,136.65392566623004,136.65392566623004,3334.4219547140247
2024-02-28 08:00:00+00:00,136.65392566623004,136.75103751353666,135.3161129125669,135.3161129125669,1755.6262408394418
2024-02-28 09:00:00+00:00,135.3161129125669,136.0470491740936,135.3161129125669,136.0470491740936,2789.2738488332784
2024-02-28 10:00:00+00:00,136.0470491740936,136.53439456188846,135.8083191064839,135.8633157370289,2450.712583955308
2024-02-28 11:00:00+00:00,135.8633157370289,135.94064809784535,135.52592937768802,135.94064809784535,4265.5207446920895
2024-02-28 12:00:00+00:00,135.94064809784535,136.4303834190793,135.7590852687089,136.4303834190793,4249.717276077781
2024-02-28 13:00:00+00:00,136.4303834190793,136.4303834190793,134.99723791287167,135.3561964747293,2224.532695476691
2024-02-28 14:00:00+00:00,135.3561964747293,135.9625172895341,135.26708553482067,135.87824769609514,3832.641452242123
2024-02-28 15:00:00+00:00,135.87824769609514,136.06174290681528,135.4916633525306,135.63702118617115,2698.6601351593254
2024-02-28 16:00:00+00:00,135.63702118617115,136.9294354235258,135.49571301824946,136.9294354235258,1487.9084771364744
2024-02-28 17:00:00+00:00,136.9294354235258,137.138284720467,136.51638005311477,136.7563387336295,2699.5652382184367
2024-02-28 18:00:00+00:00,136.7563387336295,137.04721455319066,136.2897923711444,136.2897923711444,3562.2867350608385
2024-02-28 19:00:00+00:00,136.2897923711444,136.56747451440185,135.8459550442289,136.52294303610662,2654.856672077788
2024-02-28 20:00:00+00:00,136.52294303610662,137.15175174793393,136.116829955559,136.49336685127096,3112.2446052553837
2024-02-28 21:00:00+00:00,136.49336685127096,137.0449213141876,135.99468625314304,135.99468625314304,2003.998911199725
2024-02-28 22:00:00+00:00,135.99468625314304,135.99468625314304,135.13754474081935,135.13754474081935,1823.2208494967522
2024-02-28 23:00:00+00:00,135.13754474081935,135.3545723097753,134.0346185855991,134.3114832387384,2506.362575802125
2024-02-29 00:00:00+00:00,134.3114832387384,134.44684551376568,132.94851887138682,132.94851887138682,2968.8365910081093
2024-02-29 01:00:00+00:00,132.94851887138682,133.0029705930171,131.68961106753406,132.39583576272344,4707.048331086974
2024-02-29 02:00:00+00:00,132.39583576272344,133.78932663115455,132.39583576272344,132.98224959945708,5200.412399902383
2024-02-29 03:00:00+00:00,132.98224959945708,134.16796610486747,132.98224959945708,134.16796610486747,2629.4466541258894
2024-02-29 04:00:00+00:00,134.16796610486747,134.20318047178253,133.30654510049504,133.30654510049504,2958.4408863712515
2024-02-29 05:00:00+00:00,133.30654510049504,134.4620211178604,133.30654510049504,134.14366511861584,4906.387749264058
2024-02-29 06:00:00+00:00,134.14366511861584,134.17556275983344,133.75749183199824,134.0359593050419,3151.652673789496
2024-02-29 07:00:00+00:00,134.0359593050419,134.73621569181722,133.93332220961116,134.73621569181722,5073.897098796567
2024-02-29 08:00:00+00:00,134.73621569181722,135.12169094395327,134.73053689700046,134.90241106212986,3248.9460302282555
2024-02-29 09:00:00+00:00,134.90241106212986,136.06857711628595,134.90241106212986,136.06857711628595,3764.615339270141
2024-02-29 10:00:00+00:00,136.06857711628595,136.2682663140844,135.17217695649893,135.84262122887955,3026.8117498692104
2024-02-29 11:00:00+00:00,135.84262122887955,136.6058539965632,135.03090570747656,135.12791786884057,1894.348447310462
2024-02-29 12:00:00+00:00,135.12791786884057,135.12791786884057,134.60749222831748,135.1024047153528,5678.298383194563
2024-02-29 13:00:00+00:00,135.1024047153528,136.42974736635367,135.1024047153528,136.42974736635367,3551.634847565421
2024-02-29 14:00:00+00:00,136.42974736635367,136.84372858761498,136.09796434334805,136.09796434334805,1279.5885424645387
2024-02-29 15:00:00+00:00,136.09796434334805,137.08997300871147,136.06507564839455,136.86364815483554,6692.870022639639
2024-02-29 16:00:00+00:00,136.86364815483554,137.94897584355456,136.64511872897114,137.7139617044266,1477.6113407855817
2024-02-29 17:00:00+00:00,137.7139617044266,137.7139617044266,136.65746486455993,137.03905814034772,1277.9249453036648
2024-02-29 18:00:00+00:00,137.03905814034772,137.03905814034772,135.4498246760391,135.4498246760391,2940.1793590895118
2024-02-29 19:00:00+00:00,135.4498246760391,137.49877092465042,135.4498246760391,137.1925249606059,2779.073077127838
2024-02-29 20:00:00+00:00,137.1925249606059,138.3642790714519,137.1925249606059,137.64035341532474,7310.151346663382
2024-02-29 21:00:00+00:00,137.64035341532474,138.32872285871068,137.47841959218965,137.95303623002,1850.3280961608968
2024-02-29 22:00:00+00:00,137.95303623002,139.17164007424262,137.37939942591862,139.17164007424262,4429.379372018282
2024-02-29 23:00:00+00:00,139.17164007424262,139.56831733289047,138.4582555804869,138.48887190429215,2272.4824409713706
2024-03-01 00:00:00+00:00,138.48887190429215,139.34977612450825,138.48887190429215,139.266765675058,3324.8820869168467
